PassengerId,Survived,FareGroup_0-25,FareGroup_25-50,FareGroup_50-100,FareGroup_100-150,FareGroup_150-200,FareGroup_200-300,FareGroup_300-513,AgeGroup_Child,AgeGroup_Teenager,AgeGroup_Young Adult,AgeGroup_Adult,AgeGroup_Senior,Embarked_C,Embarked_Q,Embarked_S,Pclass_1,Pclass_2,Pclass_3,SibSpGroup_0,SibSpGroup_1-3,SibSpGroup_>3,ParchGroup_0,ParchGroup_1-3,ParchGroup_>3,Male
693,X,,,X,,,,,,,X,,,,,X,,,X,X,,,X,,,X
482,,X,,,,,,,,,X,,,,,X,,X,,X,,,X,,,X
528,,,,,,,X,,,,X,,,,,X,X,,,X,,,X,,,X
856,X,X,,,,,,,,,X,,,,,X,,,X,X,,,,X,,
802,X,,X,,,,,,,,X,,,,,X,,X,,,X,,,X,,
653,,X,,,,,,,,,X,,,,,X,,,X,X,,,X,,,X
510,X,,,X,,,,,,,X,,,,,X,,,X,X,,,X,,,X
558,,,,,,,X,,,,X,,,X,,,X,,,X,,,X,,,X
829,X,X,,,,,,,,,X,,,,X,,,,X,X,,,X,,,X
19,,X,,,,,,,,,X,,,,,X,,,X,,X,,X,,,
648,X,,X,,,,,,,,,X,,X,,,X,,,X,,,X,,,X
403,,X,,,,,,,,,X,,,,,X,,,X,,X,,X,,,
847,,,,X,,,,,,,X,,,,,X,,,X,,,X,,X,,X
468,,,X,,,,,,,,,X,,,,X,X,,,X,,,X,,,X
52,,X,,,,,,,,,X,,,,,X,,,X,X,,,X,,,X
413,X,,,X,,,,,,,X,,,,X,,X,,,,X,,X,,,
422,,X,,,,,,,,,X,,,,X,,,,X,X,,,X,,,X
251,,X,,,,,,,,,X,,,,,X,,,X,X,,,X,,,X
819,,X,,,,,,,,,,X,,,,X,,,X,X,,,X,,,X
410,,,X,,,,,,,,X,,,,,X,,,X,,X,,,X,,
254,,X,,,,,,,,,X,,,,,X,,,X,,X,,X,,,X
219,X,,,X,,,,,,,X,,,X,,,X,,,X,,,X,,,
257,X,,,X,,,,,,,X,,,X,,,X,,,X,,,X,,,
227,X,X,,,,,,,,,X,,,,,X,,X,,X,,,X,,,X
295,,X,,,,,,,,,X,,,,,X,,,X,X,,,X,,,X
707,X,X,,,,,,,,,,X,,,,X,,X,,X,,,X,,,
754,,X,,,,,,,,,X,,,,,X,,,X,X,,,X,,,X
198,,X,,,,,,,,,,X,,,,X,,,X,X,,,,X,,X
836,X,,,X,,,,,,,,X,,X,,,X,,,,X,,,X,,
221,X,X,,,,,,,,X,,,,,,X,,,X,X,,,X,,,X
740,,X,,,,,,,,,X,,,,,X,,,X,X,,,X,,,X
34,,X,,,,,,,,,,,X,,,X,,X,,X,,,X,,,X
431,X,,X,,,,,,,,X,,,,,X,X,,,X,,,X,,,X
151,,X,,,,,,,,,,X,,,,X,,X,,X,,,X,,,X
587,,X,,,,,,,,,,X,,,,X,,X,,X,,,X,,,X
205,X,X,,,,,,,,,X,,,,,X,,,X,X,,,X,,,X
345,,X,,,,,,,,,,X,,,,X,,X,,X,,,X,,,X
748,X,X,,,,,,,,,X,,,,,X,,X,,X,,,X,,,
324,X,,X,,,,,,,,X,,,,,X,,X,,,X,,,X,,
265,,X,,,,,,,,,X,,,,X,,,,X,X,,,X,,,
135,,X,,,,,,,,,X,,,,,X,,X,,X,,,X,,,X
833,,X,,,,,,,,,X,,,X,,,,,X,X,,,X,,,X
191,X,X,,,,,,,,,X,,,,,X,,X,,X,,,X,,,
108,X,X,,,,,,,,,X,,,,,X,,,X,X,,,X,,,X
193,X,X,,,,,,,,,X,,,,,X,,,X,,X,,X,,,
450,X,,X,,,,,,,,,X,,,,X,X,,,X,,,X,,,X
97,,,X,,,,,,,,,,X,X,,,X,,,X,,,X,,,X
383,,X,,,,,,,,,X,,,,,X,,,X,X,,,X,,,X
716,,X,,,,,,,,,X,,,,,X,,,X,X,,,X,,,X
365,,X,,,,,,,,,X,,,,X,,,,X,,X,,X,,,X
475,,X,,,,,,,,,X,,,,,X,,,X,X,,,X,,,
435,,,,X,,,,,,,,X,,,,X,X,,,,X,,X,,,X
64,,,X,,,,,,X,,,,,,,X,,,X,,X,,,X,,X
764,X,,,,X,,,,,,,X,,,,X,X,,,,X,,,X,,
749,,,,X,,,,,,,X,,,,,X,X,,,,X,,X,,,X
843,X,,X,,,,,,,,X,,,X,,,X,,,X,,,X,,,
644,X,,,X,,,,,,,X,,,,,X,,,X,X,,,X,,,X
366,,X,,,,,,,,,X,,,,,X,,,X,X,,,X,,,X
495,,X,,,,,,,,,X,,,,,X,,,X,X,,,X,,,X
309,,X,,,,,,,,,X,,,X,,,,X,,,X,,X,,,X
652,X,X,,,,,,,,,X,,,,,X,,X,,X,,,,X,,
303,,X,,,,,,,,,X,,,,,X,,,X,X,,,X,,,X
717,X,,,,,,X,,,,,X,,X,,,X,,,X,,,X,,,
820,,,X,,,,,,X,,,,,,,X,,,X,,X,,,X,,X
733,,X,,,,,,,,,X,,,,,X,,X,,X,,,X,,,X
252,,X,,,,,,,,,X,,,,,X,,,X,,X,,,X,,
155,,X,,,,,,,,,X,,,,,X,,,X,X,,,X,,,X
404,,X,,,,,,,,,X,,,,,X,,,X,,X,,X,,,X
611,,,X,,,,,,,,,X,,,,X,,,X,,X,,,,X,
206,,X,,,,,,,X,,,,,,,X,,,X,X,,,,X,,
220,,X,,,,,,,,,X,,,,,X,,X,,X,,,X,,,X
694,,X,,,,,,,,,X,,,X,,,,,X,X,,,X,,,X
687,,,X,,,,,,,X,,,,,,X,,,X,,,X,,X,,X
384,X,,,X,,,,,,,,X,,,,X,X,,,,X,,X,,,
551,X,,,,X,,,,,X,,,,X,,,X,,,X,,,,X,,X
469,,X,,,,,,,,,X,,,,X,,,,X,X,,,X,,,X
655,,X,,,,,,,,,X,,,,X,,,,X,X,,,X,,,
650,X,X,,,,,,,,,X,,,,,X,,,X,X,,,X,,,
483,,X,,,,,,,,,,X,,,,X,,,X,X,,,X,,,X
743,X,,,,,,X,,,,X,,,X,,,X,,,,X,,,X,,
196,X,,,,X,,,,,,,X,,X,,,X,,,X,,,X,,,
44,X,,X,,,,,,X,,,,,X,,,,X,,,X,,,X,,
447,X,X,,,,,,,,X,,,,,,X,,X,,X,,,,X,,
627,,X,,,,,,,,,,X,,,X,,,X,,X,,,X,,,X
792,,,X,,,,,,,X,,,,,,X,,X,,X,,,X,,,X
33,X,X,,,,,,,,,X,,,,X,,,,X,X,,,X,,,
685,,,X,,,,,,,,,,X,,,X,,X,,,X,,,X,,X
374,,,,,X,,,,,,X,,,X,,,X,,,X,,,X,,,X
419,,X,,,,,,,,,X,,,,,X,,X,,X,,,X,,,X
845,,X,,,,,,,,X,,,,,,X,,,X,X,,,X,,,X
795,,X,,,,,,,,,X,,,,,X,,,X,X,,,X,,,X
822,X,X,,,,,,,,,X,,,,,X,,,X,X,,,X,,,X
180,,X,,,,,,,,,,X,,,,X,,,X,X,,,X,,,X
416,,X,,,,,,,,,X,,,,,X,,,X,X,,,X,,,
368,X,X,,,,,,,,,X,,,X,,,,,X,X,,,X,,,
714,,X,,,,,,,,,X,,,,,X,,,X,X,,,X,,,X
538,X,,,,X,,,,,,X,,,X,,,X,,,X,,,X,,,
78,,X,,,,,,,,,X,,,,,X,,,X,X,,,X,,,X
156,,,,X,,,,,,,,X,,X,,,X,,,X,,,,X,,X
157,X,X,,,,,,,,X,,,,,X,,,,X,X,,,X,,,
369,X,X,,,,,,,,,X,,,,X,,,,X,X,,,X,,,
382,X,X,,,,,,,X,,,,,X,,,,,X,X,,,,X,,
396,,X,,,,,,,,,X,,,,,X,,,X,X,,,X,,,X
129,X,X,,,,,,,,,X,,,X,,,,,X,,X,,,X,,
279,,,X,,,,,,X,,,,,,X,,,,X,,,X,,X,,X
299,X,,X,,,,,,,,X,,,,,X,X,,,X,,,X,,,X
215,,X,,,,,,,,,X,,,,X,,,,X,,X,,X,,,X
810,X,,,X,,,,,,,X,,,,,X,X,,,,X,,X,,,
51,,,X,,,,,,X,,,,,,,X,,,X,,,X,,X,,X
891,,X,,,,,,,,,X,,,,X,,,,X,X,,,X,,,X
724,,X,,,,,,,,,,X,,,,X,,X,,X,,,X,,,X
233,,X,,,,,,,,,,X,,,,X,,X,,X,,,X,,,X
35,,,,X,,,,,,,X,,,X,,,X,,,,X,,X,,,X
46,,X,,,,,,,,,X,,,,,X,,,X,X,,,X,,,X
695,,,X,,,,,,,,,,X,,,X,X,,,X,,,X,,,X
115,,X,,,,,,,,X,,,,X,,,,,X,X,,,X,,,
123,,,X,,,,,,,,X,,,X,,,,X,,,X,,X,,,X
628,X,,,X,,,,,,,X,,,,,X,X,,,X,,,X,,,
262,X,,X,,,,,,X,,,,,,,X,,,X,,,X,,X,,X
239,,X,,,,,,,,,X,,,,,X,,X,,X,,,X,,,X
438,X,X,,,,,,,,,X,,,,,X,,X,,,X,,,X,,
586,X,,,X,,,,,,,X,,,,,X,X,,,X,,,,X,,
797,X,,X,,,,,,,,,X,,,,X,X,,,X,,,X,,,
255,,X,,,,,,,,,,X,,,,X,,,X,X,,,,X,,
287,X,X,,,,,,,,,X,,,,,X,,,X,X,,,X,,,X
95,,X,,,,,,,,,,X,,,,X,,,X,X,,,X,,,X
692,X,X,,,,,,,X,,,,,X,,,,,X,X,,,,X,,
141,,X,,,,,,,,,X,,,X,,,,,X,X,,,,X,,
407,,X,,,,,,,,,,X,,,,X,,,X,X,,,X,,,X
441,X,,X,,,,,,,,,X,,,,X,,X,,,X,,,X,,
425,,X,,,,,,,,,X,,,,,X,,,X,,X,,,X,,X
793,,,,X,,,,,,,X,,,,,X,,,X,,,X,,X,,
613,X,X,,,,,,,,,X,,,,X,,,,X,,X,,X,,,
849,,,X,,,,,,,,X,,,,,X,,X,,X,,,,X,,X
153,,X,,,,,,,,,,X,,,,X,,,X,X,,,X,,,X
119,,,,,,,X,,,,X,,,X,,,X,,,X,,,,X,,X
634,,X,,,,,,,,,X,,,,,X,X,,,X,,,X,,,X
348,X,X,,,,,,,,,X,,,,,X,,,X,,X,,X,,,
784,,X,,,,,,,,,X,,,,,X,,,X,,X,,,X,,X
160,,,,X,,,,,,,X,,,,,X,,,X,,,X,,X,,X
134,X,,X,,,,,,,,X,,,,,X,,X,,,X,,X,,,
269,X,,,,,X,,,,,,X,,,,X,X,,,X,,,,X,,
3,X,X,,,,,,,,,X,,,,,X,,,X,X,,,X,,,
524,X,,,X,,,,,,,,X,,X,,,X,,,X,,,,X,,
599,,X,,,,,,,,,X,,,X,,,,,X,X,,,X,,,X
770,,X,,,,,,,,,X,,,,,X,,,X,X,,,X,,,X
620,,X,,,,,,,,,X,,,,,X,,X,,X,,,X,,,X
575,,X,,,,,,,,X,,,,,,X,,,X,X,,,X,,,X
380,,X,,,,,,,,,X,,,,,X,,,X,X,,,X,,,X
657,,X,,,,,,,,,X,,,,,X,,,X,X,,,X,,,X
772,,X,,,,,,,,,,X,,,,X,,,X,X,,,X,,,X
261,,X,,,,,,,,,X,,,,X,,,,X,X,,,X,,,X
481,,,X,,,,,,X,,,,,,,X,,,X,,,X,,X,,X
231,X,,,X,,,,,,,,X,,,,X,X,,,,X,,X,,,
126,X,X,,,,,,,,X,,,,X,,,,,X,,X,,X,,,X
397,,X,,,,,,,,,X,,,,,X,,,X,X,,,X,,,
867,X,X,,,,,,,,,X,,,X,,,,X,,,X,,X,,,
780,X,,,,,,X,,,,,X,,,,X,X,,,X,,,,X,,
768,,X,,,,,,,,,X,,,,X,,,,X,X,,,X,,,
462,,X,,,,,,,,,X,,,,,X,,,X,X,,,X,,,X
467,,X,,,,,,,,,X,,,,,X,,X,,X,,,X,,,X
735,,X,,,,,,,,,X,,,,,X,,X,,X,,,X,,,X
395,X,X,,,,,,,,,X,,,,,X,,,X,X,,,,X,,
706,,,X,,,,,,,,,X,,,,X,,X,,X,,,X,,,X
346,X,X,,,,,,,,,X,,,,,X,,X,,X,,,X,,,
553,,X,,,,,,,,,X,,,,X,,,,X,X,,,X,,,X
470,X,X,,,,,,,X,,,,,X,,,,,X,,X,,,X,,
723,,X,,,,,,,,,X,,,,,X,,X,,X,,,X,,,X
351,,X,,,,,,,,,X,,,,,X,,,X,X,,,X,,,X
433,X,,X,,,,,,,,,X,,,,X,,X,,,X,,X,,,
6,,X,,,,,,,,,X,,,,X,,,,X,X,,,X,,,X
589,,X,,,,,,,,,X,,,,,X,,,X,X,,,X,,,X
79,X,,X,,,,,,X,,,,,,,X,,X,,X,,,,X,,X
236,,X,,,,,,,,,X,,,,,X,,,X,X,,,X,,,
696,,X,,,,,,,,,,X,,,,X,,X,,X,,,X,,,X
722,,X,,,,,,,,X,,,,,,X,,,X,,X,,X,,,X
454,X,,,X,,,,,,,,X,,X,,,X,,,,X,,X,,,X
415,X,X,,,,,,,,,,X,,,,X,,,X,X,,,X,,,X
752,X,X,,,,,,,X,,,,,,,X,,,X,X,,,,X,,X
546,,,X,,,,,,,,,,X,,,X,X,,,X,,,X,,,X
808,,X,,,,,,,,,X,,,,,X,,,X,X,,,X,,,
576,,X,,,,,,,,,X,,,,,X,,,X,X,,,X,,,X
94,,X,,,,,,,,,X,,,,,X,,,X,,X,,,X,,X
315,,,X,,,,,,,,,X,,,,X,,X,,,X,,,X,,X
518,,X,,,,,,,,,X,,,,X,,,,X,X,,,X,,,X
817,,X,,,,,,,,,X,,,,,X,,,X,X,,,X,,,
267,,,X,,,,,,,X,,,,,,X,,,X,,,X,,X,,X
541,X,,,X,,,,,,,,X,,,,X,X,,,X,,,,X,,
357,X,,,X,,,,,,,X,,,,,X,X,,,X,,,,X,,
878,,X,,,,,,,,,X,,,,,X,,,X,X,,,X,,,X
359,X,X,,,,,,,,,X,,,,X,,,,X,X,,,X,,,
874,,X,,,,,,,,,,X,,,,X,,,X,X,,,X,,,X
162,X,X,,,,,,,,,,X,,,,X,,X,,X,,,X,,,
114,,X,,,,,,,,,X,,,,,X,,,X,,X,,X,,,
519,X,,X,,,,,,,,,X,,,,X,,X,,,X,,X,,,
176,,X,,,,,,,,,X,,,,,X,,,X,,X,,,X,,X
758,,X,,,,,,,,,X,,,,,X,,X,,X,,,X,,,X
75,X,,,X,,,,,,,X,,,,,X,,,X,X,,,X,,,X
131,,X,,,,,,,,,X,,,X,,,,,X,X,,,X,,,X
605,X,,X,,,,,,,,,X,,X,,,X,,,X,,,X,,,X
439,,,,,,,X,,,,,,X,,,X,X,,,,X,,,,X,X
263,,,,X,,,,,,,,X,,,,X,X,,,,X,,,X,,X
859,X,X,,,,,,,,,X,,,X,,,,,X,X,,,,X,,
327,,X,,,,,,,,,,,X,,,X,,,X,X,,,X,,,X
235,,X,,,,,,,,,X,,,,,X,,X,,X,,,X,,,X
669,,X,,,,,,,,,,X,,,,X,,,X,X,,,X,,,X
517,X,X,,,,,,,,,X,,,,,X,,X,,X,,,X,,,
484,X,X,,,,,,,,,,,X,,,X,,,X,X,,,X,,,
642,X,,,X,,,,,,,X,,,X,,,X,,,X,,,X,,,
2,X,,,X,,,,,,,,X,,X,,,X,,,,X,,X,,,
492,,X,,,,,,,,,X,,,,,X,,,X,X,,,X,,,X
857,X,,,,,X,,,,,,X,,,,X,X,,,,X,,,X,,
87,,,X,,,,,,,X,,,,,,X,,,X,,X,,,X,,X
665,X,X,,,,,,,,,X,,,,,X,,,X,,X,,X,,,X
182,,X,,,,,,,,,X,,,X,,,,X,,X,,,X,,,X
639,,,X,,,,,,,,,X,,,,X,,,X,X,,,,,X,
214,,X,,,,,,,,,X,,,,,X,,X,,X,,,X,,,X
91,,X,,,,,,,,,X,,,,,X,,,X,X,,,X,,,X
375,,X,,,,,,,X,,,,,,,X,,,X,,X,,,X,,
194,X,,X,,,,,,X,,,,,,,X,,X,,,X,,,X,,X
250,,,X,,,,,,,,,X,,,,X,,X,,,X,,X,,,X
393,,X,,,,,,,,,X,,,,,X,,,X,,X,,X,,,X
664,,X,,,,,,,,,,X,,,,X,,,X,X,,,X,,,X
461,X,,X,,,,,,,,,X,,,,X,X,,,X,,,X,,,X
798,X,X,,,,,,,,,X,,,,,X,,,X,X,,,X,,,
871,,X,,,,,,,,,X,,,,,X,,,X,X,,,X,,,X
177,,,X,,,,,,,,X,,,,,X,,,X,,X,,,X,,X
804,X,X,,,,,,,X,,,,,X,,,,,X,X,,,,X,,X
247,,X,,,,,,,,,X,,,,,X,,,X,X,,,X,,,
476,,,,X,,,,,,,X,,,,,X,X,,,X,,,X,,,X
472,,X,,,,,,,,,,X,,,,X,,,X,X,,,X,,,X
122,,X,,,,,,,,,X,,,,,X,,,X,X,,,X,,,X
710,X,X,,,,,,,,,X,,,X,,,,,X,,X,,,X,,X
353,,X,,,,,,,,X,,,,X,,,,,X,,X,,,X,,X
21,,,X,,,,,,,,,X,,,,X,,X,,X,,,X,,,X
668,,X,,,,,,,,,X,,,,,X,,,X,X,,,X,,,X
140,,,,X,,,,,,,X,,,X,,,X,,,X,,,X,,,X
584,,,X,,,,,,,,,X,,X,,,X,,,X,,,X,,,X
555,X,X,,,,,,,,,X,,,,,X,,,X,X,,,X,,,
661,X,,,,X,,,,,,,X,,,,X,X,,,,X,,X,,,X
614,,X,,,,,,,,,X,,,,X,,,,X,X,,,X,,,X
204,,X,,,,,,,,,,X,,X,,,,,X,X,,,X,,,X
720,,X,,,,,,,,,X,,,,,X,,,X,X,,,X,,,X
647,,X,,,,,,,,,X,,,,,X,,,X,X,,,X,,,X
229,,X,,,,,,,,,X,,,,,X,,X,,X,,,X,,,X
209,X,X,,,,,,,,X,,,,,X,,,,X,X,,,X,,,
741,X,,X,,,,,,,,X,,,,,X,X,,,X,,,X,,,X
840,X,,X,,,,,,,,X,,,X,,,X,,,X,,,X,,,X
646,X,,,X,,,,,,,,X,,X,,,X,,,,X,,X,,,X
522,,X,,,,,,,,,X,,,,,X,,,X,X,,,X,,,X
783,,,X,,,,,,,,X,,,,,X,X,,,X,,,X,,,X
169,,,X,,,,,,,,X,,,,,X,X,,,X,,,X,,,X
333,,,,,,X,,,,,,X,,,,X,X,,,X,,,,X,,X
697,,X,,,,,,,,,,X,,,,X,,,X,X,,,X,,,X
408,X,X,,,,,,,X,,,,,,,X,,X,,,X,,,X,,X
701,X,,,,,,X,,,,X,,,X,,,X,,,,X,,X,,,
506,,,,,X,,,,,,X,,,X,,,X,,,,X,,X,,,X
769,,X,,,,,,,,,X,,,,X,,,,X,,X,,X,,,X
8,,X,,,,,,,X,,,,,,,X,,,X,,X,,,X,,X
738,X,,,,,,,X,,,,X,,X,,,X,,,X,,,X,,,X
852,,X,,,,,,,,,,,X,,,X,,,X,X,,,X,,,X
674,X,X,,,,,,,,,X,,,,,X,,X,,X,,,X,,,X
736,,X,,,,,,,,,X,,,,,X,,,X,X,,,X,,,X
175,,,X,,,,,,,,,X,,X,,,X,,,X,,,X,,,X
705,,X,,,,,,,,,X,,,,,X,,,X,,X,,X,,,X
570,X,X,,,,,,,,,X,,,,,X,,,X,X,,,X,,,X
37,X,X,,,,,,,,,X,,,X,,,,,X,X,,,X,,,X
210,X,,X,,,,,,,,,X,,X,,,X,,,X,,,X,,,X
682,X,,,X,,,,,,,X,,,X,,,X,,,X,,,X,,,X
719,,X,,,,,,,,,X,,,,X,,,,X,X,,,X,,,X
109,,X,,,,,,,,,,X,,,,X,,,X,X,,,X,,,X
165,,,X,,,,,,X,,,,,,,X,,,X,,,X,,X,,X
675,,X,,,,,,,,,X,,,,,X,,X,,X,,,X,,,X
389,,X,,,,,,,,,X,,,,X,,,,X,X,,,X,,,X
756,X,X,,,,,,,X,,,,,,,X,,X,,,X,,,X,,X
47,,X,,,,,,,,,X,,,,X,,,,X,,X,,X,,,X
480,X,X,,,,,,,X,,,,,,,X,,,X,X,,,,X,,
678,X,X,,,,,,,,,X,,,,,X,,,X,X,,,X,,,
766,X,,,X,,,,,,,,X,,,,X,X,,,,X,,X,,,
362,,,X,,,,,,,,X,,,X,,,,X,,,X,,X,,,X
598,,X,,,,,,,,,,X,,,,X,,,X,X,,,X,,,X
771,,X,,,,,,,,,X,,,,,X,,,X,X,,,X,,,X
329,X,X,,,,,,,,,X,,,,,X,,,X,,X,,,X,,
277,,X,,,,,,,,,,X,,,,X,,,X,X,,,X,,,
637,,X,,,,,,,,,X,,,,,X,,,X,X,,,X,,,X
703,,X,,,,,,,,,X,,,X,,,,,X,X,,,,X,,
855,,,X,,,,,,,,,X,,,,X,,X,,,X,,X,,,
872,X,,,X,,,,,,,,X,,,,X,X,,,,X,,,X,,
149,,,X,,,,,,,,,X,,,,X,,X,,X,,,,X,,X
179,,X,,,,,,,,,X,,,,,X,,X,,X,,,X,,,X
718,X,X,,,,,,,,,X,,,,,X,,X,,X,,,X,,,
82,X,X,,,,,,,,,X,,,,,X,,,X,X,,,X,,,X
494,,,X,,,,,,,,,,X,X,,,X,,,X,,,X,,,X
821,X,,,X,,,,,,,,X,,,,X,X,,,,X,,,X,,
679,,,X,,,,,,,,,X,,,,X,,,X,,X,,,,X,
288,,X,,,,,,,,,X,,,,,X,,,X,X,,,X,,,X
331,X,X,,,,,,,,,X,,,,X,,,,X,,X,,X,,,
167,X,,,X,,,,,,,X,,,,,X,X,,,X,,,,X,,
629,,X,,,,,,,,,X,,,,,X,,,X,X,,,X,,,X
730,,X,,,,,,,,,X,,,,,X,,,X,,X,,X,,,
816,,X,,,,,,,,,X,,,,,X,X,,,X,,,X,,,X
319,X,,,,,X,,,,,X,,,,,X,X,,,X,,,,X,,
339,X,X,,,,,,,,,,X,,,,X,,,X,X,,,X,,,X
321,,X,,,,,,,,,X,,,,,X,,,X,X,,,X,,,X
53,X,,,X,,,,,,,,X,,X,,,X,,,,X,,X,,,
609,X,,X,,,,,,,,X,,,X,,,,X,,,X,,,X,,
185,X,X,,,,,,,X,,,,,,,X,,,X,X,,,,X,,
256,X,X,,,,,,,,,X,,,X,,,,,X,X,,,,X,,
801,,X,,,,,,,,,X,,,,,X,,X,,X,,,X,,,X
863,X,,X,,,,,,,,,X,,,,X,X,,,X,,,X,,,
42,,X,,,,,,,,,X,,,,,X,,X,,,X,,X,,,
514,X,,,X,,,,,,,,X,,X,,,X,,,,X,,X,,,
548,X,X,,,,,,,,,X,,,X,,,,X,,X,,,X,,,X
547,X,,X,,,,,,,,X,,,,,X,,X,,,X,,X,,,
152,X,,,X,,,,,,,X,,,,,X,X,,,,X,,X,,,
332,,,X,,,,,,,,,X,,,,X,X,,,X,,,X,,,X
65,,,X,,,,,,,,X,,,X,,,X,,,X,,,X,,,X
834,,X,,,,,,,,,X,,,,,X,,,X,X,,,X,,,X
489,,X,,,,,,,,,X,,,,,X,,,X,X,,,X,,,X
532,,X,,,,,,,,,X,,,X,,,,,X,X,,,X,,,X
406,,X,,,,,,,,,X,,,,,X,,X,,,X,,X,,,X
745,X,X,,,,,,,,,X,,,,,X,,,X,X,,,X,,,X
202,,,,X,,,,,,,X,,,,,X,,,X,,,X,,X,,X
361,,,X,,,,,,,,,X,,,,X,,,X,,X,,,,X,X
48,X,X,,,,,,,,,X,,,,X,,,,X,X,,,X,,,
71,,X,,,,,,,,,X,,,,,X,,X,,X,,,X,,,X
683,,X,,,,,,,,,X,,,,,X,,,X,X,,,X,,,X
378,,,,,,,X,,,,X,,,X,,,X,,,X,,,,X,,X
124,X,X,,,,,,,,,X,,,,,X,,X,,X,,,X,,,
195,X,,X,,,,,,,,,X,,X,,,X,,,X,,,X,,,
136,,X,,,,,,,,,X,,,X,,,,X,,X,,,X,,,X
617,,X,,,,,,,,,X,,,,,X,,,X,,X,,,X,,X
544,X,,X,,,,,,,,X,,,,,X,,X,,,X,,X,,,X
446,X,,,X,,,,,X,,,,,,,X,X,,,X,,,,X,,X
120,,,X,,,,,,X,,,,,,,X,,,X,,,X,,X,,
414,,X,,,,,,,,,X,,,,,X,,X,,X,,,X,,,X
344,,X,,,,,,,,,X,,,,,X,,X,,X,,,X,,,X
90,,X,,,,,,,,,X,,,,,X,,,X,X,,,X,,,X
837,,X,,,,,,,,,X,,,,,X,,,X,X,,,X,,,X
440,,X,,,,,,,,,X,,,,,X,,X,,X,,,X,,,X
318,,X,,,,,,,,,,X,,,,X,,X,,X,,,X,,,X
86,X,X,,,,,,,,,X,,,,,X,,,X,,X,,X,,,
734,,X,,,,,,,,,X,,,,,X,,X,,X,,,X,,,X
146,,,X,,,,,,,,X,,,,,X,,X,,,X,,,X,,X
281,,X,,,,,,,,,,,X,,X,,,,X,X,,,X,,,X
491,,X,,,,,,,,,X,,,,,X,,,X,,X,,X,,,X
866,X,X,,,,,,,,,,X,,,,X,,X,,X,,,X,,,
145,,X,,,,,,,,,X,,,,,X,,X,,X,,,X,,,X
222,,X,,,,,,,,,X,,,,,X,,X,,X,,,X,,,X
125,,,,X,,,,,,,,X,,,,X,X,,,X,,,,X,,X
525,,X,,,,,,,,,X,,,X,,,,,X,X,,,X,,,X
111,,,,X,,,,,,,,X,,,,X,X,,,X,,,X,,,X
60,,,X,,,,,,X,,,,,,,X,,,X,,,X,,X,,X
121,,,,X,,,,,,,X,,,,,X,,X,,,X,,X,,,X
243,,X,,,,,,,,,X,,,,,X,,X,,X,,,X,,,X
812,,X,,,,,,,,,,X,,,,X,,,X,X,,,X,,,X
886,,,X,,,,,,,,,X,,,X,,,,X,X,,,,,X,
606,,X,,,,,,,,,,X,,,,X,,,X,,X,,X,,,X
308,X,,,,X,,,,,X,,,,X,,,X,,,,X,,X,,,
159,,X,,,,,,,,,X,,,,,X,,,X,X,,,X,,,X
543,,,X,,,,,,X,,,,,,,X,,,X,,,X,,X,,
133,,X,,,,,,,,,,X,,,,X,,,X,,X,,X,,,
285,,,X,,,,,,,,X,,,,,X,X,,,X,,,X,,,X
26,X,,X,,,,,,,,,X,,,,X,,,X,,X,,,,X,
304,X,X,,,,,,,,,X,,,,X,,,X,,X,,,X,,,
888,X,,X,,,,,,,,X,,,,,X,X,,,X,,,X,,,
557,X,,X,,,,,,,,,X,,X,,,X,,,,X,,X,,,
779,,X,,,,,,,,,X,,,,X,,,,X,X,,,X,,,X
32,X,,,,X,,,,,,X,,,X,,,X,,,,X,,X,,,
264,,X,,,,,,,,,,X,,,,X,X,,,X,,,X,,,X
806,,X,,,,,,,,,X,,,,,X,,,X,X,,,X,,,X
25,,X,,,,,,,X,,,,,,,X,,,X,,X,,,X,,
208,X,X,,,,,,,,,X,,,X,,,,,X,X,,,X,,,X
656,,,,X,,,,,,,X,,,,,X,,X,,,X,,X,,,X
61,,X,,,,,,,,,X,,,X,,,,,X,X,,,X,,,X
751,X,X,,,,,,,X,,,,,,,X,,X,,,X,,,X,,
188,X,,X,,,,,,,,,X,,,,X,X,,,X,,,X,,,X
381,X,,,,,,X,,,,,X,,X,,,X,,,X,,,X,,,
633,X,,X,,,,,,,,X,,,X,,,X,,,X,,,X,,,X
223,,X,,,,,,,,,,X,,,,X,,,X,X,,,X,,,X
112,,X,,,,,,,,X,,,,X,,,,,X,,X,,X,,,
612,,X,,,,,,,,,X,,,,,X,,,X,X,,,X,,,X
621,,X,,,,,,,,,X,,,X,,,,,X,,X,,X,,,X
712,,,X,,,,,,,,X,,,,,X,X,,,X,,,X,,,X
788,,,X,,,,,,X,,,,,,X,,,,X,,,X,,X,,X
218,,,X,,,,,,,,,X,,,,X,,X,,,X,,X,,,X
320,X,,,,X,,,,,,,X,,X,,,X,,,,X,,,X,,
234,X,,X,,,,,,X,,,,,,,X,,,X,,,X,,X,,
607,,X,,,,,,,,,X,,,,,X,,,X,X,,,X,,,X
275,X,X,,,,,,,,,X,,,,X,,,,X,X,,,X,,,
172,,,X,,,,,,X,,,,,,X,,,,X,,,X,,X,,X
832,X,X,,,,,,,X,,,,,,,X,,X,,,X,,,X,,X
427,X,,X,,,,,,,,X,,,,,X,,X,,,X,,X,,,
379,,X,,,,,,,,,X,,,X,,,,,X,X,,,X,,,X
27,,X,,,,,,,,,X,,,X,,,,,X,X,,,X,,,X
794,,,X,,,,,,,,X,,,X,,,X,,,X,,,X,,,X
164,,X,,,,,,,,X,,,,,,X,,,X,X,,,X,,,X
585,,X,,,,,,,,,X,,,X,,,,,X,X,,,X,,,X
232,,X,,,,,,,,,X,,,,,X,,,X,X,,,X,,,X
591,,X,,,,,,,,,,X,,,,X,,,X,X,,,X,,,X
814,,,X,,,,,,X,,,,,,,X,,,X,,,X,,X,,
45,X,X,,,,,,,,,X,,,,X,,,,X,X,,,X,,,
624,,X,,,,,,,,,X,,,,,X,,,X,X,,,X,,,X
877,,X,,,,,,,,,X,,,,,X,,,X,X,,,X,,,X
536,X,,X,,,,,,X,,,,,,,X,,X,,X,,,,X,,
401,X,X,,,,,,,,,,X,,,,X,,,X,X,,,X,,,X
74,,X,,,,,,,,,X,,,X,,,,,X,,X,,X,,,X
363,,X,,,,,,,,,,X,,X,,,,,X,X,,,,X,,
549,,X,,,,,,,,,X,,,,,X,,,X,,X,,,X,,X
341,X,,X,,,,,,X,,,,,,,X,,X,,,X,,,X,,X
850,X,,,X,,,,,,,X,,,X,,,X,,,,X,,X,,,
618,,X,,,,,,,,,X,,,,,X,,,X,,X,,X,,,
839,X,,,X,,,,,,,X,,,,,X,,,X,X,,,X,,,X
270,X,,,,X,,,,,,,X,,,,X,X,,,X,,,X,,,
424,,X,,,,,,,,,X,,,,,X,,,X,,X,,,X,,
14,,,X,,,,,,,,,X,,,,X,,,X,,X,,,,X,X
356,,X,,,,,,,,,X,,,,,X,,,X,X,,,X,,,X
274,,,X,,,,,,,,,X,,X,,,X,,,X,,,,X,,X
426,,X,,,,,,,,,X,,,,,X,,,X,X,,,X,,,X
851,,,X,,,,,,X,,,,,,,X,,,X,,,X,,X,,X
98,X,,,X,,,,,,,X,,,X,,,X,,,X,,,,X,,X
466,,X,,,,,,,,,,X,,,,X,,,X,X,,,X,,,X
785,,X,,,,,,,,,X,,,,,X,,,X,X,,,X,,,X
67,X,X,,,,,,,,,X,,,,,X,,X,,X,,,X,,,
7,,,,X,,,,,,,,X,,,,X,X,,,X,,,X,,,X
248,X,X,,,,,,,,,X,,,,,X,,X,,X,,,,X,,
314,,X,,,,,,,,,X,,,,,X,,,X,X,,,X,,,X
534,X,X,,,,,,,,,X,,,X,,,,,X,X,,,,X,,
15,,X,,,,,,,,X,,,,,,X,,,X,X,,,X,,,
273,X,X,,,,,,,,,,X,,,,X,,X,,X,,,,X,,
539,,X,,,,,,,,,X,,,,,X,,,X,X,,,X,,,X
527,X,X,,,,,,,,,,X,,,,X,,X,,X,,,X,,,
569,,X,,,,,,,,,X,,,X,,,,,X,X,,,X,,,X
409,,X,,,,,,,,,X,,,,,X,,,X,X,,,X,,,X
540,X,,X,,,,,,,,X,,,X,,,X,,,X,,,,X,,
515,,X,,,,,,,,,X,,,,,X,,,X,X,,,X,,,X
57,X,X,,,,,,,,,X,,,,,X,,X,,X,,,X,,,
632,,X,,,,,,,,,,X,,,,X,,,X,X,,,X,,,X
601,X,,X,,,,,,,,X,,,,,X,,X,,,X,,,X,,
192,,X,,,,,,,,,X,,,,,X,,X,,X,,,X,,,X
113,,X,,,,,,,,,X,,,,,X,,,X,X,,,X,,,X
171,,,X,,,,,,,,,,X,,,X,X,,,X,,,X,,,X
465,,X,,,,,,,,,X,,,,,X,,,X,X,,,X,,,X
688,,X,,,,,,,,,X,,,,,X,,,X,X,,,X,,,X
96,,X,,,,,,,,,X,,,,,X,,,X,X,,,X,,,X
290,X,X,,,,,,,,,X,,,,X,,,,X,X,,,X,,,
509,,X,,,,,,,,,X,,,,,X,,,X,X,,,X,,,X
775,X,X,,,,,,,,,,X,,,,X,,X,,,X,,,X,,
762,,X,,,,,,,,,,X,,,,X,,,X,X,,,X,,,X
58,,X,,,,,,,,,X,,,X,,,,,X,X,,,X,,,X
421,,X,,,,,,,,,X,,,X,,,,,X,X,,,X,,,X
862,,X,,,,,,,,,X,,,,,X,,X,,,X,,X,,,X
671,X,,X,,,,,,,,,X,,,,X,,X,,,X,,,X,,
266,,X,,,,,,,,,,X,,,,X,,X,,X,,,X,,,X
54,X,,X,,,,,,,,X,,,,,X,,X,,,X,,X,,,
831,X,X,,,,,,,,X,,,,X,,,,,X,,X,,X,,,
526,,X,,,,,,,,,,X,,,X,,,,X,X,,,X,,,X
511,X,X,,,,,,,,,X,,,,X,,,,X,X,,,X,,,X
507,X,,X,,,,,,,,X,,,,,X,,X,,X,,,,X,,
373,,X,,,,,,,,,X,,,,,X,,,X,X,,,X,,,X
813,,X,,,,,,,,,,X,,,,X,,X,,X,,,X,,,X
312,X,,,,,,X,,,,X,,,X,,,X,,,,X,,,X,,
50,,X,,,,,,,,,X,,,,,X,,,X,,X,,X,,,
603,,,X,,,,,,,,X,,,,,X,X,,,X,,,X,,,X
630,,X,,,,,,,,,X,,,,X,,,,X,X,,,X,,,X
590,,X,,,,,,,,,X,,,,,X,,,X,X,,,X,,,X
103,,,,X,,,,,,,X,,,,,X,X,,,X,,,,X,,X
654,X,X,,,,,,,,,X,,,,X,,,,X,X,,,X,,,
582,X,,,,X,,,,,,,X,,X,,,X,,,,X,,,X,,
641,,X,,,,,,,,,X,,,,,X,,,X,X,,,X,,,X
488,,,X,,,,,,,,,X,,X,,,X,,,X,,,X,,,X
600,X,,,X,,,,,,,,X,,X,,,X,,,,X,,X,,,X
449,X,X,,,,,,,X,,,,,X,,,,,X,,X,,,X,,
559,X,,,X,,,,,,,,X,,,,X,X,,,,X,,,X,,
501,,X,,,,,,,,X,,,,,,X,,,X,X,,,X,,,X
55,,,,X,,,,,,,,,X,X,,,X,,,X,,,,X,,X
335,X,,,,X,,,,,,X,,,,,X,X,,,,X,,X,,,
307,X,,,,X,,,,,,X,,,X,,,X,,,X,,,X,,,
38,,X,,,,,,,,,X,,,,,X,,,X,X,,,X,,,X
868,,,,X,,,,,,,X,,,,,X,X,,,X,,,X,,,X
580,X,X,,,,,,,,,X,,,,,X,,,X,X,,,X,,,X
796,,X,,,,,,,,,,X,,,,X,,X,,X,,,X,,,X
13,,X,,,,,,,,,X,,,,,X,,,X,X,,,X,,,X
22,X,X,,,,,,,,,X,,,,,X,,X,,X,,,X,,,X
663,,,X,,,,,,,,,X,,,,X,X,,,X,,,X,,,X
513,X,,X,,,,,,,,,X,,,,X,X,,,X,,,X,,,X
625,,X,,,,,,,,,X,,,,,X,,,X,X,,,X,,,X
455,,X,,,,,,,,,X,,,,,X,,,X,X,,,X,,,X
336,,X,,,,,,,,,X,,,,,X,,,X,X,,,X,,,X
535,,X,,,,,,,,,X,,,,,X,,,X,X,,,X,,,
77,,X,,,,,,,,,X,,,,,X,,,X,X,,,X,,,X
523,,X,,,,,,,,,X,,,X,,,,,X,X,,,X,,,X
104,,X,,,,,,,,,X,,,,,X,,,X,X,,,X,,,X
310,X,,,X,,,,,,,X,,,X,,,X,,,X,,,X,,,
184,X,,X,,,,,,X,,,,,,,X,,X,,,X,,,X,,X
405,,X,,,,,,,,,X,,,,,X,,,X,X,,,X,,,
417,X,,X,,,,,,,,X,,,,,X,,X,,,X,,,X,,
340,,,X,,,,,,,,,X,,,,X,X,,,X,,,X,,,X
328,X,X,,,,,,,,,,X,,,,X,,X,,X,,,X,,,
529,,X,,,,,,,,,,X,,,,X,,,X,X,,,X,,,X
623,X,X,,,,,,,,,X,,,X,,,,,X,,X,,,X,,X
844,,X,,,,,,,,,X,,,X,,,,,X,X,,,X,,,X
201,,X,,,,,,,,,X,,,,,X,,,X,X,,,X,,,X
302,X,X,,,,,,,,,X,,,,X,,,,X,,X,,X,,,X
305,,X,,,,,,,,,X,,,,,X,,,X,X,,,X,,,X
420,,X,,,,,,,X,,,,,,,X,,,X,X,,,,X,,
853,,X,,,,,,,X,,,,,X,,,,,X,,X,,,X,,
102,,X,,,,,,,,,X,,,,,X,,,X,X,,,X,,,X
228,,X,,,,,,,,,X,,,,,X,,,X,X,,,X,,,X
670,X,,,X,,,,,,,X,,,,,X,X,,,,X,,X,,,
326,X,,,,X,,,,,,,X,,X,,,X,,,X,,,X,,,
838,,X,,,,,,,,,X,,,,,X,,,X,X,,,X,,,X
649,,X,,,,,,,,,X,,,,,X,,,X,X,,,X,,,X
726,,X,,,,,,,,,X,,,,,X,,,X,X,,,X,,,X
883,,X,,,,,,,,,X,,,,,X,,,X,X,,,X,,,
809,,X,,,,,,,,,,X,,,,X,,X,,X,,,X,,,X
504,,X,,,,,,,,,,X,,,,X,,,X,X,,,X,,,
755,X,,,X,,,,,,,,X,,,,X,,X,,,X,,,X,,
659,,X,,,,,,,,,X,,,,,X,,X,,X,,,X,,,X
728,X,X,,,,,,,,,X,,,,X,,,,X,X,,,X,,,
673,,X,,,,,,,,,,,X,,,X,,X,,X,,,X,,,X
658,,X,,,,,,,,,X,,,,X,,,,X,,X,,,X,,
747,,X,,,,,,,,X,,,,,,X,,,X,,X,,,X,,X
73,,,,X,,,,,,,X,,,,,X,,X,,X,,,X,,,X
471,,X,,,,,,,,,X,,,,,X,,,X,X,,,X,,,X
150,,X,,,,,,,,,,X,,,,X,,X,,X,,,X,,,X
500,,X,,,,,,,,,X,,,,,X,,,X,X,,,X,,,X
142,X,X,,,,,,,,,X,,,,,X,,,X,X,,,X,,,
662,,X,,,,,,,,,,X,,X,,,,,X,X,,,X,,,X
306,X,,,,,X,,,X,,,,,,,X,X,,,,X,,,X,,X
286,,X,,,,,,,,,X,,,X,,,,,X,X,,,X,,,X
676,,X,,,,,,,,,X,,,,,X,,,X,X,,,X,,,X
170,,,,X,,,,,,,X,,,,,X,,,X,X,,,X,,,X
595,,,X,,,,,,,,,X,,,,X,,X,,,X,,X,,,X
778,X,X,,,,,,,X,,,,,,,X,,,X,X,,,X,,,
781,X,X,,,,,,,,X,,,,X,,,,,X,X,,,X,,,
552,,,X,,,,,,,,X,,,,,X,,X,,X,,,X,,,X
358,,X,,,,,,,,,,X,,,,X,,X,,X,,,X,,,
846,,X,,,,,,,,,,X,,,,X,,,X,X,,,X,,,X
349,X,X,,,,,,,X,,,,,,,X,,,X,,X,,,X,,X
400,X,X,,,,,,,,,X,,,,,X,,X,,X,,,X,,,
300,X,,,,,,X,,,,,X,,X,,,X,,,X,,,,X,,
858,X,,X,,,,,,,,,X,,,,X,X,,,X,,,X,,,X
860,,X,,,,,,,,,X,,,X,,,,,X,X,,,X,,,X
291,X,,,X,,,,,,,X,,,,,X,X,,,X,,,X,,,
651,,X,,,,,,,,,X,,,,,X,,,X,X,,,X,,,X
711,X,,X,,,,,,,,X,,,X,,,X,,,X,,,X,,,
622,X,,,X,,,,,,,,X,,,,X,X,,,,X,,X,,,X
708,X,,X,,,,,,,,,X,,,,X,X,,,X,,,X,,,X
385,,X,,,,,,,,,X,,,,,X,,,X,X,,,X,,,X
451,,,X,,,,,,,,,X,,,,X,,X,,,X,,,X,,X
137,X,,X,,,,,,,,X,,,,,X,X,,,X,,,,X,,
864,,,,X,,,,,,,X,,,,,X,,,X,,,X,,X,,
457,,,X,,,,,,,,,,X,,,X,X,,,X,,,X,,,X
23,X,X,,,,,,,,X,,,,,X,,,,X,X,,,X,,,
20,X,X,,,,,,,,,X,,,X,,,,,X,X,,,X,,,
790,,,,X,,,,,,,,X,,X,,,X,,,X,,,X,,,X
84,,,X,,,,,,,,X,,,,,X,X,,,X,,,X,,,X
260,X,,X,,,,,,,,,X,,,,X,,X,,X,,,,X,,
292,X,,,X,,,,,,,X,,,X,,,X,,,,X,,X,,,
110,X,X,,,,,,,,,X,,,,X,,,,X,,X,,X,,,
371,X,,,X,,,,,,,X,,,X,,,X,,,,X,,X,,,X
830,X,,,X,,,,,,,,,X,,,X,X,,,X,,,X,,,
725,X,,,X,,,,,,,X,,,,,X,X,,,,X,,X,,,X
487,X,,,X,,,,,,,,X,,,,X,X,,,,X,,X,,,
498,,X,,,,,,,,,X,,,,,X,,,X,X,,,X,,,X
700,,X,,,,,,,,,,X,,,,X,,,X,X,,,X,,,X
43,,X,,,,,,,,,X,,,X,,,,,X,X,,,X,,,X
458,X,,,X,,,,,,,X,,,,,X,X,,,,X,,X,,,
211,,X,,,,,,,,,X,,,,,X,,,X,X,,,X,,,X
128,X,X,,,,,,,,,X,,,,,X,,,X,X,,,X,,,X
619,X,,X,,,,,,X,,,,,,,X,,X,,,X,,,X,,
444,X,X,,,,,,,,,X,,,,,X,,X,,X,,,X,,,
386,,,,X,,,,,,,X,,,,,X,,X,,X,,,X,,,X
9,X,X,,,,,,,,,X,,,,,X,,,X,X,,,,X,,
767,,,X,,,,,,,,X,,,X,,,X,,,X,,,X,,,X
684,,,X,,,,,,,X,,,,,,X,,,X,,,X,,X,,X
875,X,X,,,,,,,,,X,,,X,,,,X,,,X,,X,,,
226,,X,,,,,,,,,X,,,,,X,,,X,X,,,X,,,X
249,X,,,X,,,,,,,,X,,,,X,X,,,,X,,,X,,X
593,,X,,,,,,,,,,X,,,,X,,,X,X,,,X,,,X
761,,X,,,,,,,,,X,,,,,X,,,X,X,,,X,,,X
343,,X,,,,,,,,,X,,,,,X,,X,,X,,,X,,,X
596,,X,,,,,,,,,,X,,,,X,,,X,,X,,,X,,X
763,X,X,,,,,,,,,X,,,X,,,,,X,X,,,X,,,X
16,X,X,,,,,,,,,,X,,,,X,,X,,X,,,X,,,
230,,,X,,,,,,,,X,,,,,X,,,X,,X,,,X,,
244,,X,,,,,,,,,X,,,,,X,,,X,X,,,X,,,X
773,,X,,,,,,,,,,X,,,,X,,X,,X,,,X,,,
478,,X,,,,,,,,,X,,,,,X,,,X,,X,,X,,,X
70,,X,,,,,,,,,X,,,,,X,,,X,,X,,X,,,X
564,,X,,,,,,,,,X,,,,,X,,,X,X,,,X,,,X
578,X,,,X,,,,,,,,X,,,,X,X,,,,X,,X,,,
520,,X,,,,,,,,,X,,,,,X,,,X,X,,,X,,,X
80,X,X,,,,,,,,,X,,,,,X,,,X,X,,,X,,,
62,X,,,X,,,,,,,,X,,,,X,X,,,X,,,X,,,
739,,X,,,,,,,,,X,,,,,X,,,X,X,,,X,,,X
787,X,X,,,,,,,,,X,,,,,X,,,X,X,,,X,,,
616,X,,,X,,,,,,,X,,,,,X,,X,,,X,,,X,,
11,X,X,,,,,,,X,,,,,,,X,,,X,,X,,,X,,
377,X,X,,,,,,,,,X,,,,,X,,,X,X,,,X,,,
29,X,X,,,,,,,,,X,,,,X,,,,X,X,,,X,,,
399,,X,,,,,,,,,X,,,,,X,,X,,X,,,X,,,X
689,,X,,,,,,,,,X,,,,,X,,,X,X,,,X,,,X
271,,,X,,,,,,,,X,,,,,X,X,,,X,,,X,,,X
882,,X,,,,,,,,,X,,,,,X,,,X,X,,,X,,,X
238,X,,X,,,,,,X,,,,,,,X,,X,,X,,,,X,,
1,,X,,,,,,,,,X,,,,,X,,,X,,X,,X,,,X
573,X,,X,,,,,,,,,X,,,,X,X,,,X,,,X,,,X
667,,X,,,,,,,,,X,,,,,X,,X,,X,,,X,,,X
284,X,X,,,,,,,,,X,,,,,X,,,X,X,,,X,,,X
889,,X,,,,,,,,,X,,,,,X,,,X,,X,,,X,,
391,X,,,,X,,,,,,,X,,,,X,X,,,,X,,,X,,X
530,,X,,,,,,,,,X,,,,,X,,X,,,X,,,X,,X
568,,X,,,,,,,,,X,,,,,X,,,X,X,,,,,X,
173,X,X,,,,,,,X,,,,,,,X,,,X,,X,,,X,,
848,,X,,,,,,,,,,X,,X,,,,,X,X,,,X,,,X
118,,X,,,,,,,,,X,,,,,X,,X,,,X,,X,,,X
237,,,X,,,,,,,,,X,,,,X,,X,,,X,,X,,,X
742,,,,X,,,,,,,,X,,,,X,X,,,,X,,X,,,X
602,,X,,,,,,,,,X,,,,,X,,,X,X,,,X,,,X
826,,X,,,,,,,,,X,,,,X,,,,X,X,,,X,,,X
392,X,X,,,,,,,,,X,,,,,X,,,X,X,,,X,,,X
283,,X,,,,,,,,X,,,,,,X,,,X,X,,,X,,,X
721,X,,X,,,,,,X,,,,,,,X,,X,,X,,,,X,,
430,X,X,,,,,,,,,X,,,,,X,,,X,X,,,X,,,X
823,,X,,,,,,,,,,X,,,,X,X,,,X,,,X,,,X
313,,,X,,,,,,,,X,,,,,X,,X,,,X,,,X,,
497,X,,,X,,,,,,,,X,,X,,,X,,,,X,,X,,,
186,,,,X,,,,,,,X,,,,,X,X,,,X,,,X,,,X
31,,,X,,,,,,,,,X,,X,,,X,,,X,,,X,,,X
289,X,X,,,,,,,,,,X,,,,X,,X,,X,,,X,,,X
282,,X,,,,,,,,,X,,,,,X,,,X,X,,,X,,,X
4,X,,,X,,,,,,,,X,,,,X,X,,,,X,,X,,,
372,,X,,,,,,,,,X,,,,,X,,,X,,X,,X,,,X
835,,X,,,,,,,,,X,,,,,X,,,X,X,,,X,,,X
183,,,X,,,,,,X,,,,,,,X,,,X,,,X,,X,,X
190,,X,,,,,,,,,,X,,,,X,,,X,X,,,X,,,X
643,,,X,,,,,,X,,,,,,,X,,,X,,X,,,X,,
885,,X,,,,,,,,,X,,,,,X,,,X,X,,,X,,,X
583,,,X,,,,,,,,,X,,,,X,,X,,X,,,X,,,X
148,,,X,,,,,,X,,,,,,,X,,,X,,X,,,X,,
631,X,,X,,,,,,,,,,X,,,X,X,,,X,,,X,,,X
610,X,,,,,X,,,,,,X,,,,X,X,,,X,,,X,,,
338,X,,,,X,,,,,,,X,,X,,,X,,,X,,,X,,,
317,X,,X,,,,,,,,X,,,,,X,,X,,,X,,X,,,
81,,X,,,,,,,,,X,,,,,X,,,X,X,,,X,,,X
782,X,,,X,,,,,,X,,,,,,X,X,,,,X,,X,,,
168,,,X,,,,,,,,,X,,,,X,,,X,,X,,,,X,
132,,X,,,,,,,,,X,,,,,X,,,X,X,,,X,,,X
592,X,,,X,,,,,,,,X,,X,,,X,,,,X,,X,,,
364,,X,,,,,,,,,,X,,,,X,,,X,X,,,X,,,X
799,,X,,,,,,,,,X,,,X,,,,,X,X,,,X,,,X
49,,X,,,,,,,,,X,,,X,,,,,X,,X,,X,,,X
225,X,,,X,,,,,,,,X,,,,X,X,,,,X,,X,,,X
241,,X,,,,,,,,,X,,,X,,,,,X,,X,,X,,,
807,,X,,,,,,,,,,X,,,,X,X,,,X,,,X,,,X
216,X,,,,X,,,,,,X,,,X,,,X,,,,X,,X,,,
479,,X,,,,,,,,,X,,,,,X,,,X,X,,,X,,,X
841,,X,,,,,,,,,X,,,,,X,,,X,X,,,X,,,X
709,X,,,,,X,,,,,X,,,,,X,X,,,X,,,X,,,
316,X,X,,,,,,,,,X,,,,,X,,,X,X,,,X,,,
876,X,X,,,,,,,,X,,,,X,,,,,X,X,,,X,,,
207,,X,,,,,,,,,X,,,,,X,,,X,,X,,X,,,X
258,X,,,X,,,,,,,X,,,,,X,X,,,X,,,X,,,
99,X,X,,,,,,,,,X,,,,,X,,X,,X,,,,X,,
574,X,X,,,,,,,,,X,,,,X,,,,X,X,,,X,,,
789,X,X,,,,,,,X,,,,,,,X,,,X,,X,,,X,,X
563,,X,,,,,,,,,X,,,,,X,,X,,X,,,X,,,X
521,X,,,X,,,,,,,X,,,,,X,X,,,X,,,X,,,
213,,X,,,,,,,,,X,,,,,X,,,X,X,,,X,,,X
437,,,X,,,,,,,,X,,,,,X,,,X,,X,,,X,,
293,,X,,,,,,,,,,X,,X,,,,X,,X,,,X,,,X
562,,X,,,,,,,,,,X,,,,X,,,X,X,,,X,,,X
828,X,,X,,,,,,X,,,,,X,,,,X,,X,,,,X,,X
189,,X,,,,,,,,,,X,,,X,,,,X,,X,,,X,,X
101,,X,,,,,,,,,X,,,,,X,,,X,X,,,X,,,
347,X,X,,,,,,,,,,X,,,,X,,X,,X,,,X,,,
698,X,X,,,,,,,,,X,,,,X,,,,X,X,,,X,,,
322,,X,,,,,,,,,X,,,,,X,,,X,X,,,X,,,X
311,X,,,X,,,,,,,X,,,X,,,X,,,X,,,X,,,
59,X,,X,,,,,,X,,,,,,,X,,X,,,X,,,X,,
203,,X,,,,,,,,,X,,,,,X,,,X,X,,,X,,,X
394,X,,,,X,,,,,,X,,,X,,,X,,,,X,,X,,,
117,,X,,,,,,,,,,,X,,X,,,,X,X,,,X,,,X
69,X,X,,,,,,,,X,,,,,,X,,,X,,,X,,X,,
330,X,,,X,,,,,,X,,,,X,,,X,,,X,,,,X,,
68,,X,,,,,,,,,X,,,,,X,,,X,X,,,X,,,X
786,,X,,,,,,,,,X,,,,,X,,,X,X,,,X,,,X
499,,,,,,X,,,,,X,,,,,X,X,,,,X,,,X,,
36,,,,X,,,,,,,,X,,,,X,X,,,,X,,X,,,X
174,,X,,,,,,,,,X,,,,,X,,,X,X,,,X,,,X
224,,X,,,,,,,,,X,,,,,X,,,X,X,,,X,,,X
278,,X,,,,,,,,,X,,,,,X,,X,,X,,,X,,,X
690,X,,,,,,X,,,X,,,,,,X,X,,,X,,,,X,,
130,,X,,,,,,,,,,X,,,,X,,,X,X,,,X,,,X
452,,X,,,,,,,,,X,,,,,X,,,X,,X,,X,,,X
268,X,X,,,,,,,,,X,,,,,X,,,X,,X,,X,,,X
873,,X,,,,,,,,,X,,,,,X,X,,,X,,,X,,,X
636,X,X,,,,,,,,,X,,,,,X,,X,,X,,,X,,,
666,,,,X,,,,,,,X,,,,,X,,X,,,X,,X,,,X
890,X,,X,,,,,,,,X,,,X,,,X,,,X,,,X,,,X
105,,X,,,,,,,,,,X,,,,X,,,X,,X,,X,,,X
178,,,X,,,,,,,,,X,,X,,,X,,,X,,,X,,,
545,,,,,X,,,,,,,X,,X,,,X,,,,X,,X,,,X
681,,X,,,,,,,,,X,,,,X,,,,X,X,,,X,,,
477,,X,,,,,,,,,X,,,,,X,,X,,,X,,X,,,X
360,X,X,,,,,,,,,X,,,,X,,,,X,X,,,X,,,
259,X,,,,,,,X,,,,X,,X,,,X,,,X,,,X,,,
737,,,X,,,,,,,,,X,,,,X,,,X,,X,,,X,,
463,,,X,,,,,,,,,X,,,,X,X,,,X,,,X,,,X
508,X,,X,,,,,,,,X,,,,,X,X,,,X,,,X,,,X
