PassengerId,Survived,FareGroup_0-64,FareGroup_64-128,FareGroup_128-192,FareGroup_192-256,FareGroup_256-320,FareGroup_320-384,FareGroup_384-448,FareGroup_448-513,AgeGroup_0-20,AgeGroup_20-40,AgeGroup_40-60,AgeGroup_60-81,Embarked_C,Embarked_Q,Embarked_S,Pclass_1,Pclass_2,Pclass_3,SibSpGroup_0-1,SibSpGroup_1-3,SibSpGroup_3-5,SibSpGroup_5-7,SibSpGroup_7+,ParchGroup_0-1,ParchGroup_1-3,ParchGroup_3-5,ParchGroup_5+,Male,Female,NotSurvived
483,,X,,,,,,,,,,X,,,,X,,,X,X,,,,,X,,,,X,,X
339,X,X,,,,,,,,,,X,,,,X,,,X,X,,,,,X,,,,X,,
379,,X,,,,,,,,X,,,,X,,,,,X,X,,,,,X,,,,X,,X
263,,,X,,,,,,,,,X,,,,X,X,,,,X,,,,,X,,,X,,X
262,X,X,,,,,,,,X,,,,,,X,,,X,,,X,,,,X,,,X,,
198,,X,,,,,,,,,,X,,,,X,,,X,X,,,,,,X,,,X,,X
453,,X,,,,,,,,,X,,,X,,,X,,,X,,,,,X,,,,X,,X
662,,X,,,,,,,,,X,,,X,,,,,X,X,,,,,X,,,,X,,X
184,X,X,,,,,,,,X,,,,,,X,,X,,,X,,,,,X,,,X,,
16,X,X,,,,,,,,,,X,,,,X,,X,,X,,,,,X,,,,,X,
679,,X,,,,,,,,,,X,,,,X,,,X,,X,,,,,,,X,,X,X
208,X,X,,,,,,,,,X,,,X,,,,,X,X,,,,,X,,,,X,,
494,,X,,,,,,,,,,,X,X,,,X,,,X,,,,,X,,,,X,,X
511,X,X,,,,,,,,,X,,,,X,,,,X,X,,,,,X,,,,X,,
756,X,X,,,,,,,,X,,,,,,X,,X,,,X,,,,,X,,,X,,
714,,X,,,,,,,,,X,,,,,X,,,X,X,,,,,X,,,,X,,X
860,,X,,,,,,,,,X,,,X,,,,,X,X,,,,,X,,,,X,,X
141,,X,,,,,,,,,X,,,X,,,,,X,X,,,,,,X,,,,X,X
885,,X,,,,,,,,,X,,,,,X,,,X,X,,,,,X,,,,X,,X
761,,X,,,,,,,,,X,,,,,X,,,X,X,,,,,X,,,,X,,X
522,,X,,,,,,,,,X,,,,,X,,,X,X,,,,,X,,,,X,,X
231,X,,X,,,,,,,,X,,,,,X,X,,,,X,,,,X,,,,,X,
827,,X,,,,,,,,,X,,,,,X,,,X,X,,,,,X,,,,X,,X
28,,,,,,X,,,,X,,,,,,X,X,,,,,X,,,,X,,,X,,X
189,,X,,,,,,,,,X,,,,X,,,,X,,X,,,,,X,,,X,,X
157,X,X,,,,,,,,X,,,,,X,,,,X,X,,,,,X,,,,,X,
720,,X,,,,,,,,,X,,,,,X,,,X,X,,,,,X,,,,X,,X
786,,X,,,,,,,,,X,,,,,X,,,X,X,,,,,X,,,,X,,X
547,X,X,,,,,,,,X,,,,,,X,,X,,,X,,,,X,,,,,X,
553,,X,,,,,,,,,X,,,,X,,,,X,X,,,,,X,,,,X,,X
125,,,X,,,,,,,,,X,,,,X,X,,,X,,,,,,X,,,X,,X
862,,X,,,,,,,,,X,,,,,X,,X,,,X,,,,X,,,,X,,X
243,,X,,,,,,,,,X,,,,,X,,X,,X,,,,,X,,,,X,,X
656,,,X,,,,,,,,X,,,,,X,,X,,,X,,,,X,,,,X,,X
599,,X,,,,,,,,,X,,,X,,,,,X,X,,,,,X,,,,X,,X
251,,X,,,,,,,,,X,,,,,X,,,X,X,,,,,X,,,,X,,X
571,X,X,,,,,,,,,,,X,,,X,,X,,X,,,,,X,,,,X,,
84,,X,,,,,,,,,X,,,,,X,X,,,X,,,,,X,,,,X,,X
162,X,X,,,,,,,,,X,,,,,X,,X,,X,,,,,X,,,,,X,
733,,X,,,,,,,,,X,,,,,X,,X,,X,,,,,X,,,,X,,X
315,,X,,,,,,,,,,X,,,,X,,X,,,X,,,,,X,,,X,,X
613,X,X,,,,,,,,,X,,,,X,,,,X,,X,,,,X,,,,,X,
82,X,X,,,,,,,,,X,,,,,X,,,X,X,,,,,X,,,,X,,
488,,X,,,,,,,,,,X,,X,,,X,,,X,,,,,X,,,,X,,X
8,,X,,,,,,,,X,,,,,,X,,,X,,,X,,,,X,,,X,,X
234,X,X,,,,,,,,X,,,,,,X,,,X,,,X,,,,X,,,,X,
845,,X,,,,,,,,X,,,,,,X,,,X,X,,,,,X,,,,X,,X
540,X,X,,,,,,,,,X,,,X,,,X,,,X,,,,,,X,,,,X,
59,X,X,,,,,,,,X,,,,,,X,,X,,,X,,,,,X,,,,X,
209,X,X,,,,,,,,X,,,,,X,,,,X,X,,,,,X,,,,,X,
87,,X,,,,,,,,X,,,,,,X,,,X,,X,,,,,,X,,X,,X
271,,X,,,,,,,,,X,,,,,X,X,,,X,,,,,X,,,,X,,X
538,X,,X,,,,,,,,X,,,X,,,X,,,X,,,,,X,,,,,X,
416,,X,,,,,,,,,X,,,,,X,,,X,X,,,,,X,,,,,X,X
824,X,X,,,,,,,,,X,,,,,X,,,X,X,,,,,,X,,,,X,
624,,X,,,,,,,,,X,,,,,X,,,X,X,,,,,X,,,,X,,X
272,X,X,,,,,,,,,X,,,,,X,,,X,X,,,,,X,,,,X,,
36,,X,,,,,,,,,,X,,,,X,X,,,,X,,,,X,,,,X,,X
40,X,X,,,,,,,,X,,,,X,,,,,X,,X,,,,X,,,,,X,
145,,X,,,,,,,,X,,,,,,X,,X,,X,,,,,X,,,,X,,X
773,,X,,,,,,,,,,X,,,,X,,X,,X,,,,,X,,,,,X,X
563,,X,,,,,,,,,X,,,,,X,,X,,X,,,,,X,,,,X,,X
763,X,X,,,,,,,,X,,,,X,,,,,X,X,,,,,X,,,,X,,
302,X,X,,,,,,,,,X,,,,X,,,,X,,X,,,,X,,,,X,,
713,X,X,,,,,,,,,,X,,,,X,X,,,,X,,,,X,,,,X,,
846,,X,,,,,,,,,,X,,,,X,,,X,X,,,,,X,,,,X,,X
347,X,X,,,,,,,,,X,,,,,X,,X,,X,,,,,X,,,,,X,
280,X,X,,,,,,,,,X,,,,,X,,,X,,X,,,,,X,,,,X,
632,,X,,,,,,,,,,X,,,,X,,,X,X,,,,,X,,,,X,,X
730,,X,,,,,,,,,X,,,,,X,,,X,,X,,,,X,,,,,X,X
137,X,X,,,,,,,,X,,,,,,X,X,,,X,,,,,,X,,,,X,
783,,X,,,,,,,,,X,,,,,X,X,,,X,,,,,X,,,,X,,X
623,X,X,,,,,,,,X,,,,X,,,,,X,,X,,,,,X,,,X,,
572,X,X,,,,,,,,,,X,,,,X,X,,,,X,,,,X,,,,,X,
452,,X,,,,,,,,,X,,,,,X,,,X,,X,,,,X,,,,X,,X
652,X,X,,,,,,,,X,,,,,,X,,X,,X,,,,,,X,,,,X,
278,,X,,,,,,,,,X,,,,,X,,X,,X,,,,,X,,,,X,,X
777,,X,,,,,,,,,X,,,,X,,,,X,X,,,,,X,,,,X,,X
655,,X,,,,,,,,X,,,,,X,,,,X,X,,,,,X,,,,,X,X
880,X,,X,,,,,,,,,X,,X,,,X,,,X,,,,,,X,,,,X,
182,,X,,,,,,,,,X,,,X,,,,X,,X,,,,,X,,,,X,,X
249,X,X,,,,,,,,,X,,,,,X,X,,,,X,,,,,X,,,X,,
672,,X,,,,,,,,,X,,,,,X,X,,,,X,,,,X,,,,X,,X
313,,X,,,,,,,,,X,,,,,X,,X,,,X,,,,,X,,,,X,X
487,X,,X,,,,,,,,X,,,,,X,X,,,,X,,,,X,,,,,X,
692,X,X,,,,,,,,X,,,,X,,,,,X,X,,,,,,X,,,,X,
371,X,X,,,,,,,,,X,,,X,,,X,,,,X,,,,X,,,,X,,
546,,X,,,,,,,,,,,X,,,X,X,,,X,,,,,X,,,,X,,X
45,X,X,,,,,,,,X,,,,,X,,,,X,X,,,,,X,,,,,X,
701,X,,,,X,,,,,X,,,,X,,,X,,,,X,,,,X,,,,,X,
52,,X,,,,,,,,,X,,,,,X,,,X,X,,,,,X,,,,X,,X
381,X,,,,X,,,,,,,X,,X,,,X,,,X,,,,,X,,,,,X,
495,,X,,,,,,,,,X,,,,,X,,,X,X,,,,,X,,,,X,,X
524,X,X,,,,,,,,,,X,,X,,,X,,,X,,,,,,X,,,,X,
767,,X,,,,,,,,,X,,,X,,,X,,,X,,,,,X,,,,X,,X
261,,X,,,,,,,,,X,,,,X,,,,X,X,,,,,X,,,,X,,X
667,,X,,,,,,,,,X,,,,,X,,X,,X,,,,,X,,,,X,,X
72,,X,,,,,,,,X,,,,,,X,,,X,,,,X,,,X,,,,X,X
529,,X,,,,,,,,,X,,,,,X,,,X,X,,,,,X,,,,X,,X
573,X,X,,,,,,,,,X,,,,,X,X,,,X,,,,,X,,,,X,,
458,X,X,,,,,,,,,X,,,,,X,X,,,,X,,,,X,,,,,X,
594,,X,,,,,,,,,X,,,,X,,,,X,X,,,,,,X,,,,X,X
746,,,X,,,,,,,,,,X,,,X,X,,,,X,,,,,X,,,X,,X
23,X,X,,,,,,,,X,,,,,X,,,,X,X,,,,,X,,,,,X,
274,,X,,,,,,,,,X,,,X,,,X,,,X,,,,,,X,,,X,,X
516,,X,,,,,,,,,,X,,,,X,X,,,X,,,,,X,,,,X,,X
466,,X,,,,,,,,,X,,,,,X,,,X,X,,,,,X,,,,X,,X
497,X,,X,,,,,,,,,X,,X,,,X,,,,X,,,,X,,,,,X,
394,X,,X,,,,,,,,X,,,X,,,X,,,,X,,,,X,,,,,X,
329,X,X,,,,,,,,,X,,,,,X,,,X,,X,,,,,X,,,,X,
586,X,,X,,,,,,,X,,,,,,X,X,,,X,,,,,,X,,,,X,
665,X,X,,,,,,,,X,,,,,,X,,,X,,X,,,,X,,,,X,,
554,X,X,,,,,,,,,X,,,X,,,,,X,X,,,,,X,,,,X,,
266,,X,,,,,,,,,X,,,,,X,,X,,X,,,,,X,,,,X,,X
543,,X,,,,,,,,X,,,,,,X,,,X,,,X,,,,X,,,,X,X
13,,X,,,,,,,,X,,,,,,X,,,X,X,,,,,X,,,,X,,X
711,X,X,,,,,,,,,X,,,X,,,X,,,X,,,,,X,,,,,X,
685,,X,,,,,,,,,,X,,,,X,,X,,,X,,,,,X,,,X,,X
260,X,X,,,,,,,,,,X,,,,X,,X,,X,,,,,,X,,,,X,
499,,,,X,,,,,,,X,,,,,X,X,,,,X,,,,,X,,,,X,X
882,,X,,,,,,,,,X,,,,,X,,,X,X,,,,,X,,,,X,,X
74,,X,,,,,,,,,X,,,X,,,,,X,,X,,,,X,,,,X,,X
83,X,X,,,,,,,,,X,,,,X,,,,X,X,,,,,X,,,,,X,
621,,X,,,,,,,,,X,,,X,,,,,X,,X,,,,X,,,,X,,X
35,,,X,,,,,,,,X,,,X,,,X,,,,X,,,,X,,,,X,,X
422,,X,,,,,,,,,X,,,,X,,,,X,X,,,,,X,,,,X,,X
3,X,X,,,,,,,,,X,,,,,X,,,X,X,,,,,X,,,,,X,
390,X,X,,,,,,,,X,,,,X,,,,X,,X,,,,,X,,,,,X,
322,,X,,,,,,,,,X,,,,,X,,,X,X,,,,,X,,,,X,,X
727,X,X,,,,,,,,,X,,,,,X,,X,,,,X,,,X,,,,,X,
194,X,X,,,,,,,,X,,,,,,X,,X,,,X,,,,,X,,,X,,
698,X,X,,,,,,,,,X,,,,X,,,,X,X,,,,,X,,,,,X,
224,,X,,,,,,,,,X,,,,,X,,,X,X,,,,,X,,,,X,,X
870,X,X,,,,,,,,X,,,,,,X,,,X,,X,,,,,X,,,X,,
555,X,X,,,,,,,,,X,,,,,X,,,X,X,,,,,X,,,,,X,
668,,X,,,,,,,,,X,,,,,X,,,X,X,,,,,X,,,,X,,X
664,,X,,,,,,,,,X,,,,,X,,,X,X,,,,,X,,,,X,,X
70,,X,,,,,,,,,X,,,,,X,,,X,,X,,,,X,,,,X,,X
115,,X,,,,,,,,X,,,,X,,,,,X,X,,,,,X,,,,,X,X
734,,X,,,,,,,,,X,,,,,X,,X,,X,,,,,X,,,,X,,X
32,X,,,X,,,,,,,X,,,X,,,X,,,,X,,,,X,,,,,X,
469,,X,,,,,,,,,X,,,,X,,,,X,X,,,,,X,,,,X,,X
128,X,X,,,,,,,,,X,,,,,X,,,X,X,,,,,X,,,,X,,
348,X,X,,,,,,,,,X,,,,,X,,,X,,X,,,,X,,,,,X,
69,X,X,,,,,,,,X,,,,,,X,,,X,,,X,,,,X,,,,X,
564,,X,,,,,,,,,X,,,,,X,,,X,X,,,,,X,,,,X,,X
794,,X,,,,,,,,,X,,,X,,,X,,,X,,,,,X,,,,X,,X
158,,X,,,,,,,,,X,,,,,X,,,X,X,,,,,X,,,,X,,X
765,,X,,,,,,,,X,,,,,,X,,,X,X,,,,,X,,,,X,,X
142,X,X,,,,,,,,,X,,,,,X,,,X,X,,,,,X,,,,,X,
210,X,X,,,,,,,,,X,,,X,,,X,,,X,,,,,X,,,,X,,
567,,X,,,,,,,,X,,,,,,X,,,X,X,,,,,X,,,,X,,X
305,,X,,,,,,,,,X,,,,,X,,,X,X,,,,,X,,,,X,,X
584,,X,,,,,,,,,X,,,X,,,X,,,X,,,,,X,,,,X,,X
204,,X,,,,,,,,,,X,,X,,,,,X,X,,,,,X,,,,X,,X
682,X,,X,,,,,,,,X,,,X,,,X,,,X,,,,,X,,,,X,,
530,,X,,,,,,,,,X,,,,,X,,X,,,X,,,,,X,,,X,,X
299,X,X,,,,,,,,,X,,,,,X,X,,,X,,,,,X,,,,X,,
53,X,,X,,,,,,,,,X,,X,,,X,,,,X,,,,X,,,,,X,
211,,X,,,,,,,,,X,,,,,X,,,X,X,,,,,X,,,,X,,X
560,X,X,,,,,,,,,X,,,,,X,,,X,,X,,,,X,,,,,X,
116,,X,,,,,,,,,X,,,,,X,,,X,X,,,,,X,,,,X,,X
585,,X,,,,,,,,,X,,,X,,,,,X,X,,,,,X,,,,X,,X
699,,,X,,,,,,,,,X,,X,,,X,,,,X,,,,,X,,,X,,X
628,X,,X,,,,,,,,X,,,,,X,X,,,X,,,,,X,,,,,X,
244,,X,,,,,,,,,X,,,,,X,,,X,X,,,,,X,,,,X,,X
255,,X,,,,,,,,,,X,,,,X,,,X,X,,,,,,X,,,,X,X
835,,X,,,,,,,,X,,,,,,X,,,X,X,,,,,X,,,,X,,X
847,,,X,,,,,,,,X,,,,,X,,,X,,,,,X,,X,,,X,,X
609,X,X,,,,,,,,,X,,,X,,,,X,,,X,,,,,X,,,,X,
161,,X,,,,,,,,,,X,,,,X,,,X,X,,,,,,X,,,X,,X
152,X,,X,,,,,,,,X,,,,,X,X,,,,X,,,,X,,,,,X,
627,,X,,,,,,,,,,X,,,X,,,X,,X,,,,,X,,,,X,,X
513,X,X,,,,,,,,,X,,,,,X,X,,,X,,,,,X,,,,X,,
340,,X,,,,,,,,,,X,,,,X,X,,,X,,,,,X,,,,X,,X
389,,X,,,,,,,,,X,,,,X,,,,X,X,,,,,X,,,,X,,X
9,X,X,,,,,,,,,X,,,,,X,,,X,X,,,,,,X,,,,X,
830,X,,X,,,,,,,,,,X,,,X,X,,,X,,,,,X,,,,,X,
490,X,X,,,,,,,,X,,,,,,X,,,X,,X,,,,,X,,,X,,
580,X,X,,,,,,,,,X,,,,,X,,,X,X,,,,,X,,,,X,,
620,,X,,,,,,,,,X,,,,,X,,X,,X,,,,,X,,,,X,,X
200,,X,,,,,,,,,X,,,,,X,,X,,X,,,,,X,,,,,X,X
703,,X,,,,,,,,X,,,,X,,,,,X,X,,,,,,X,,,,X,X
285,,X,,,,,,,,,X,,,,,X,X,,,X,,,,,X,,,,X,,X
596,,X,,,,,,,,,X,,,,,X,,,X,,X,,,,,X,,,X,,X
435,,X,,,,,,,,,,X,,,,X,X,,,,X,,,,X,,,,X,,X
575,,X,,,,,,,,X,,,,,,X,,,X,X,,,,,X,,,,X,,X
324,X,X,,,,,,,,,X,,,,,X,,X,,,X,,,,,X,,,,X,
479,,X,,,,,,,,,X,,,,,X,,,X,X,,,,,X,,,,X,,X
57,X,X,,,,,,,,,X,,,,,X,,X,,X,,,,,X,,,,,X,
474,X,X,,,,,,,,,X,,,X,,,,X,,X,,,,,X,,,,,X,
636,X,X,,,,,,,,,X,,,,,X,,X,,X,,,,,X,,,,,X,
764,X,,X,,,,,,,,X,,,,,X,X,,,,X,,,,,X,,,,X,
253,,X,,,,,,,,,,,X,,,X,X,,,X,,,,,X,,,,X,,X
881,X,X,,,,,,,,,X,,,,,X,,X,,X,,,,,,X,,,,X,
163,,X,,,,,,,,,X,,,,,X,,,X,X,,,,,X,,,,X,,X
96,,X,,,,,,,,,X,,,,,X,,,X,X,,,,,X,,,,X,,X
712,,X,,,,,,,,,X,,,,,X,X,,,X,,,,,X,,,,X,,X
432,X,X,,,,,,,,,X,,,,,X,,,X,,X,,,,X,,,,,X,
675,,X,,,,,,,,,X,,,,,X,,X,,X,,,,,X,,,,X,,X
486,,X,,,,,,,,,X,,,,,X,,,X,,,X,,,,X,,,,X,X
686,,X,,,,,,,,,X,,,X,,,,X,,,X,,,,,X,,,X,,X
590,,X,,,,,,,,,X,,,,,X,,,X,X,,,,,X,,,,X,,X
240,,X,,,,,,,,,X,,,,,X,,X,,X,,,,,X,,,,X,,X
463,,X,,,,,,,,,,X,,,,X,X,,,X,,,,,X,,,,X,,X
164,,X,,,,,,,,X,,,,,,X,,,X,X,,,,,X,,,,X,,X
745,X,X,,,,,,,,,X,,,,,X,,,X,X,,,,,X,,,,X,,
131,,X,,,,,,,,,X,,,X,,,,,X,X,,,,,X,,,,X,,X
528,,,,,X,,,,,,X,,,,,X,X,,,X,,,,,X,,,,X,,X
349,X,X,,,,,,,,X,,,,,,X,,,X,,X,,,,,X,,,X,,
618,,X,,,,,,,,,X,,,,,X,,,X,,X,,,,X,,,,,X,X
380,,X,,,,,,,,X,,,,,,X,,,X,X,,,,,X,,,,X,,X
879,,X,,,,,,,,,X,,,,,X,,,X,X,,,,,X,,,,X,,X
799,,X,,,,,,,,,X,,,X,,,,,X,X,,,,,X,,,,X,,X
782,X,X,,,,,,,,X,,,,,,X,X,,,,X,,,,X,,,,,X,
803,X,,X,,,,,,,X,,,,,,X,X,,,,X,,,,,X,,,X,,
832,X,X,,,,,,,,X,,,,,,X,,X,,,X,,,,,X,,,X,,
343,,X,,,,,,,,,X,,,,,X,,X,,X,,,,,X,,,,X,,X
551,X,,X,,,,,,,X,,,,X,,,X,,,X,,,,,,X,,,X,,
568,,X,,,,,,,,,X,,,,,X,,,X,X,,,,,,,X,,,X,X
751,X,X,,,,,,,,X,,,,,,X,,X,,,X,,,,,X,,,,X,
603,,X,,,,,,,,,X,,,,,X,X,,,X,,,,,X,,,,X,,X
456,X,X,,,,,,,,,X,,,X,,,,,X,X,,,,,X,,,,X,,
112,,X,,,,,,,,X,,,,X,,,,,X,,X,,,,X,,,,,X,X
485,X,,X,,,,,,,,X,,,X,,,X,,,,X,,,,X,,,,X,,
265,,X,,,,,,,,,X,,,,X,,,,X,X,,,,,X,,,,,X,X
195,X,X,,,,,,,,,,X,,X,,,X,,,X,,,,,X,,,,,X,
817,,X,,,,,,,,,X,,,,,X,,,X,X,,,,,X,,,,,X,X
804,X,X,,,,,,,,X,,,,X,,,,,X,X,,,,,,X,,,X,,
670,X,X,,,,,,,,,X,,,,,X,X,,,,X,,,,X,,,,,X,
37,X,X,,,,,,,,,X,,,X,,,,,X,X,,,,,X,,,,X,,
147,X,X,,,,,,,,,X,,,,,X,,,X,X,,,,,X,,,,X,,
257,X,,X,,,,,,,,X,,,X,,,X,,,X,,,,,X,,,,,X,
135,,X,,,,,,,,,X,,,,,X,,X,,X,,,,,X,,,,X,,X
805,X,X,,,,,,,,,X,,,,,X,,,X,X,,,,,X,,,,X,,
218,,X,,,,,,,,,,X,,,,X,,X,,,X,,,,X,,,,X,,X
206,,X,,,,,,,,X,,,,,,X,,,X,X,,,,,,X,,,,X,X
552,,X,,,,,,,,,X,,,,,X,,X,,X,,,,,X,,,,X,,X
46,,X,,,,,,,,,X,,,,,X,,,X,X,,,,,X,,,,X,,X
631,X,X,,,,,,,,,,,X,,,X,X,,,X,,,,,X,,,,X,,
405,,X,,,,,,,,X,,,,,,X,,,X,X,,,,,X,,,,,X,X
683,,X,,,,,,,,X,,,,,,X,,,X,X,,,,,X,,,,X,,X
518,,X,,,,,,,,,X,,,,X,,,,X,X,,,,,X,,,,X,,X
577,X,X,,,,,,,,,X,,,,,X,,X,,X,,,,,X,,,,,X,
696,,X,,,,,,,,,,X,,,,X,,X,,X,,,,,X,,,,X,,X
717,X,,,,X,,,,,,X,,,X,,,X,,,X,,,,,X,,,,,X,
434,,X,,,,,,,,X,,,,,,X,,,X,X,,,,,X,,,,X,,X
465,,X,,,,,,,,,X,,,,,X,,,X,X,,,,,X,,,,X,,X
481,,X,,,,,,,,X,,,,,,X,,,X,,,,X,,,X,,,X,,X
170,,X,,,,,,,,,X,,,,,X,,,X,X,,,,,X,,,,X,,X
776,,X,,,,,,,,X,,,,,,X,,,X,X,,,,,X,,,,X,,X
710,X,X,,,,,,,,,X,,,X,,,,,X,,X,,,,,X,,,X,,
321,,X,,,,,,,,,X,,,,,X,,,X,X,,,,,X,,,,X,,X
124,X,X,,,,,,,,,X,,,,,X,,X,,X,,,,,X,,,,,X,
693,X,X,,,,,,,,,X,,,,,X,,,X,X,,,,,X,,,,X,,
612,,X,,,,,,,,,X,,,,,X,,,X,X,,,,,X,,,,X,,X
797,X,X,,,,,,,,,,X,,,,X,X,,,X,,,,,X,,,,,X,
226,,X,,,,,,,,,X,,,,,X,,,X,X,,,,,X,,,,X,,X
754,,X,,,,,,,,,X,,,,,X,,,X,X,,,,,X,,,,X,,X
615,,X,,,,,,,,,X,,,,,X,,,X,X,,,,,X,,,,X,,X
362,,X,,,,,,,,,X,,,X,,,,X,,,X,,,,X,,,,X,,X
427,X,X,,,,,,,,,X,,,,,X,,X,,,X,,,,X,,,,,X,
749,,X,,,,,,,,X,,,,,,X,X,,,,X,,,,X,,,,X,,X
731,X,,,,X,,,,,,X,,,,,X,X,,,X,,,,,X,,,,,X,
431,X,X,,,,,,,,,X,,,,,X,X,,,X,,,,,X,,,,X,,
30,,X,,,,,,,,,X,,,,,X,,,X,X,,,,,X,,,,X,,X
556,,X,,,,,,,,,,,X,,,X,X,,,X,,,,,X,,,,X,,X
531,X,X,,,,,,,,X,,,,,,X,,X,,,X,,,,,X,,,,X,
232,,X,,,,,,,,,X,,,,,X,,,X,X,,,,,X,,,,X,,X
229,,X,,,,,,,,X,,,,,,X,,X,,X,,,,,X,,,,X,,X
237,,X,,,,,,,,,,X,,,,X,,X,,,X,,,,X,,,,X,,X
796,,X,,,,,,,,,X,,,,,X,,X,,X,,,,,X,,,,X,,X
437,,X,,,,,,,,,X,,,,,X,,,X,,X,,,,,X,,,,X,X
778,X,X,,,,,,,,X,,,,,,X,,,X,X,,,,,X,,,,,X,
418,X,X,,,,,,,,X,,,,,,X,,X,,X,,,,,,X,,,,X,
858,X,X,,,,,,,,,,X,,,,X,X,,,X,,,,,X,,,,X,,
863,X,X,,,,,,,,,,X,,,,X,X,,,X,,,,,X,,,,,X,
451,,X,,,,,,,,,X,,,,,X,,X,,,X,,,,,X,,,X,,X
520,,X,,,,,,,,,X,,,,,X,,,X,X,,,,,X,,,,X,,X
735,,X,,,,,,,,,X,,,,,X,,X,,X,,,,,X,,,,X,,X
595,,X,,,,,,,,,X,,,,,X,,X,,,X,,,,X,,,,X,,X
732,,X,,,,,,,,X,,,,X,,,,,X,X,,,,,X,,,,X,,X
542,,X,,,,,,,,X,,,,,,X,,,X,,,X,,,,X,,,,X,X
130,,X,,,,,,,,,,X,,,,X,,,X,X,,,,,X,,,,X,,X
414,,X,,,,,,,,,X,,,,,X,,X,,X,,,,,X,,,,X,,X
849,,X,,,,,,,,,X,,,,,X,,X,,X,,,,,,X,,,X,,X
350,,X,,,,,,,,,,X,,,,X,,,X,X,,,,,X,,,,X,,X
205,X,X,,,,,,,,X,,,,,,X,,,X,X,,,,,X,,,,X,,
762,,X,,,,,,,,,,X,,,,X,,,X,X,,,,,X,,,,X,,X
766,X,,X,,,,,,,,,X,,,,X,X,,,,X,,,,X,,,,,X,
700,,X,,,,,,,,,,X,,,,X,,,X,X,,,,,X,,,,X,,X
330,X,X,,,,,,,,X,,,,X,,,X,,,X,,,,,,X,,,,X,
49,,X,,,,,,,,,X,,,X,,,,,X,,X,,,,X,,,,X,,X
159,,X,,,,,,,,,X,,,,,X,,,X,X,,,,,X,,,,X,,X
851,,X,,,,,,,,X,,,,,,X,,,X,,,X,,,,X,,,X,,X
43,,X,,,,,,,,,X,,,X,,,,,X,X,,,,,X,,,,X,,X
213,,X,,,,,,,,,X,,,,,X,,,X,X,,,,,X,,,,X,,X
93,,X,,,,,,,,,,X,,,,X,X,,,,X,,,,X,,,,X,,X
790,,,X,,,,,,,,,X,,X,,,X,,,X,,,,,X,,,,X,,X
55,,X,,,,,,,,,,,X,X,,,X,,,X,,,,,,X,,,X,,X
645,X,X,,,,,,,,X,,,,X,,,,,X,,X,,,,,X,,,,X,
480,X,X,,,,,,,,X,,,,,,X,,,X,X,,,,,,X,,,,X,
338,X,,,X,,,,,,,,X,,X,,,X,,,X,,,,,X,,,,,X,
526,,X,,,,,,,,,,X,,,X,,,,X,X,,,,,X,,,,X,,X
27,,X,,,,,,,,,X,,,X,,,,,X,X,,,,,X,,,,X,,X
527,X,X,,,,,,,,,,X,,,,X,,X,,X,,,,,X,,,,,X,
626,,X,,,,,,,,,,,X,,,X,X,,,X,,,,,X,,,,X,,X
50,,X,,,,,,,,X,,,,,,X,,,X,,X,,,,X,,,,,X,X
752,X,X,,,,,,,,X,,,,,,X,,,X,X,,,,,,X,,,X,,
287,X,X,,,,,,,,,X,,,,,X,,,X,X,,,,,X,,,,X,,
426,,X,,,,,,,,,X,,,,,X,,,X,X,,,,,X,,,,X,,X
24,X,X,,,,,,,,,X,,,,,X,X,,,X,,,,,X,,,,X,,
753,,X,,,,,,,,,X,,,,,X,,,X,X,,,,,X,,,,X,,X
207,,X,,,,,,,,,X,,,,,X,,,X,,X,,,,X,,,,X,,X
425,,X,,,,,,,,X,,,,,,X,,,X,,X,,,,,X,,,X,,X
576,,X,,,,,,,,X,,,,,,X,,,X,X,,,,,X,,,,X,,X
190,,X,,,,,,,,,X,,,,,X,,,X,X,,,,,X,,,,X,,X
407,,X,,,,,,,,,,X,,,,X,,,X,X,,,,,X,,,,X,,X
548,X,X,,,,,,,,,X,,,X,,,,X,,X,,,,,X,,,,X,,
709,X,,,X,,,,,,,X,,,,,X,X,,,X,,,,,X,,,,,X,
296,,X,,,,,,,,,X,,,X,,,X,,,X,,,,,X,,,,X,,X
284,X,X,,,,,,,,X,,,,,,X,,,X,X,,,,,X,,,,X,,
550,X,X,,,,,,,,X,,,,,,X,,X,,,X,,,,,X,,,X,,
702,X,X,,,,,,,,,X,,,,,X,X,,,X,,,,,X,,,,X,,
843,X,X,,,,,,,,,X,,,X,,,X,,,X,,,,,X,,,,,X,
770,,X,,,,,,,,,X,,,,,X,,,X,X,,,,,X,,,,X,,X
482,,X,,,,,,,,,X,,,,,X,,X,,X,,,,,X,,,,X,,X
809,,X,,,,,,,,,X,,,,,X,,X,,X,,,,,X,,,,X,,X
19,,X,,,,,,,,,X,,,,,X,,,X,,X,,,,X,,,,,X,X
788,,X,,,,,,,,X,,,,,X,,,,X,,,X,,,,X,,,X,,X
85,X,X,,,,,,,,X,,,,,,X,,X,,X,,,,,X,,,,,X,
155,,X,,,,,,,,,X,,,,,X,,,X,X,,,,,X,,,,X,,X
859,X,X,,,,,,,,,X,,,X,,,,,X,X,,,,,,,X,,,X,
834,,X,,,,,,,,,X,,,,,X,,,X,X,,,,,X,,,,X,,X
203,,X,,,,,,,,,X,,,,,X,,,X,X,,,,,X,,,,X,,X
728,X,X,,,,,,,,,X,,,,X,,,,X,X,,,,,X,,,,,X,
393,,X,,,,,,,,,X,,,,,X,,,X,,X,,,,X,,,,X,,X
7,,X,,,,,,,,,,X,,,,X,X,,,X,,,,,X,,,,X,,X
616,X,,X,,,,,,,,X,,,,,X,,X,,,X,,,,,X,,,,X,
876,X,X,,,,,,,,X,,,,X,,,,,X,X,,,,,X,,,,,X,
823,,X,,,,,,,,,X,,,,,X,X,,,X,,,,,X,,,,X,,X
502,,X,,,,,,,,,X,,,,X,,,,X,X,,,,,X,,,,,X,X
276,X,,X,,,,,,,,,,X,,,X,X,,,,X,,,,X,,,,,X,
741,X,X,,,,,,,,,X,,,,,X,X,,,X,,,,,X,,,,X,,
192,,X,,,,,,,,X,,,,,,X,,X,,X,,,,,X,,,,X,,X
104,,X,,,,,,,,,X,,,,,X,,,X,X,,,,,X,,,,X,,X
658,,X,,,,,,,,,X,,,,X,,,,X,,X,,,,,X,,,,X,X
857,X,,,X,,,,,,,,X,,,,X,X,,,,X,,,,,X,,,,X,
269,X,,,X,,,,,,,,X,,,,X,X,,,X,,,,,,X,,,,X,
647,,X,,,,,,,,X,,,,,,X,,,X,X,,,,,X,,,,X,,X
559,X,,X,,,,,,,,X,,,,,X,X,,,,X,,,,,X,,,,X,
856,X,X,,,,,,,,X,,,,,,X,,,X,X,,,,,,X,,,,X,
653,,X,,,,,,,,,X,,,,,X,,,X,X,,,,,X,,,,X,,X
707,X,X,,,,,,,,,,X,,,,X,,X,,X,,,,,X,,,,,X,
25,,X,,,,,,,,X,,,,,,X,,,X,,,X,,,,X,,,,X,X
176,,X,,,,,,,,X,,,,,,X,,,X,,X,,,,,X,,,X,,X
748,X,X,,,,,,,,,X,,,,,X,,X,,X,,,,,X,,,,,X,
607,,X,,,,,,,,,X,,,,,X,,,X,X,,,,,X,,,,X,,X
570,X,X,,,,,,,,,X,,,,,X,,,X,X,,,,,X,,,,X,,
110,X,X,,,,,,,,,X,,,,X,,,,X,,X,,,,X,,,,,X,
316,X,X,,,,,,,,,X,,,,,X,,,X,X,,,,,X,,,,,X,
791,,X,,,,,,,,,X,,,,X,,,,X,X,,,,,X,,,,X,,X
420,,X,,,,,,,,X,,,,,,X,,,X,X,,,,,,X,,,,X,X
391,X,,X,,,,,,,,X,,,,,X,X,,,,X,,,,,X,,,X,,
640,,X,,,,,,,,,X,,,,,X,,,X,,X,,,,X,,,,X,,X
222,,X,,,,,,,,,X,,,,,X,,X,,X,,,,,X,,,,X,,X
646,X,,X,,,,,,,,,X,,X,,,X,,,,X,,,,X,,,,X,,
58,,X,,,,,,,,,X,,,X,,,,,X,X,,,,,X,,,,X,,X
364,,X,,,,,,,,,X,,,,,X,,,X,X,,,,,X,,,,X,,X
291,X,,X,,,,,,,,X,,,,,X,X,,,X,,,,,X,,,,,X,
659,,X,,,,,,,,,X,,,,,X,,X,,X,,,,,X,,,,X,,X
504,,X,,,,,,,,,X,,,,,X,,,X,X,,,,,X,,,,,X,X
874,,X,,,,,,,,,,X,,,,X,,,X,X,,,,,X,,,,X,,X
88,,X,,,,,,,,,X,,,,,X,,,X,X,,,,,X,,,,X,,X
673,,X,,,,,,,,,,,X,,,X,,X,,X,,,,,X,,,,X,,X
589,,X,,,,,,,,,X,,,,,X,,,X,X,,,,,X,,,,X,,X
235,,X,,,,,,,,,X,,,,,X,,X,,X,,,,,X,,,,X,,X
476,,X,,,,,,,,,X,,,,,X,X,,,X,,,,,X,,,,X,,X
545,,,X,,,,,,,,,X,,X,,,X,,,,X,,,,X,,,,X,,X
687,,X,,,,,,,,X,,,,,,X,,,X,,,X,,,,X,,,X,,X
635,,X,,,,,,,,X,,,,,,X,,,X,,,X,,,,X,,,,X,X
187,X,X,,,,,,,,,X,,,,X,,,,X,,X,,,,X,,,,,X,
328,X,X,,,,,,,,,X,,,,,X,,X,,X,,,,,X,,,,,X,
73,,,X,,,,,,,,X,,,,,X,,X,,X,,,,,X,,,,X,,X
156,,X,,,,,,,,,,X,,X,,,X,,,X,,,,,,X,,,X,,X
180,,X,,,,,,,,,X,,,,,X,,,X,X,,,,,X,,,,X,,X
29,X,X,,,,,,,,,X,,,,X,,,,X,X,,,,,X,,,,,X,
31,,X,,,,,,,,,X,,,X,,,X,,,X,,,,,X,,,,X,,X
281,,X,,,,,,,,,,,X,,X,,,,X,X,,,,,X,,,,X,,X
294,,X,,,,,,,,,X,,,,,X,,,X,X,,,,,X,,,,,X,X
758,,X,,,,,,,,X,,,,,,X,,X,,X,,,,,X,,,,X,,X
361,,X,,,,,,,,,X,,,,,X,,,X,,X,,,,,,X,,X,,X
119,,,,,X,,,,,,X,,,X,,,X,,,X,,,,,,X,,,X,,X
825,,X,,,,,,,,X,,,,,,X,,,X,,,X,,,,X,,,X,,X
678,X,X,,,,,,,,X,,,,,,X,,,X,X,,,,,X,,,,,X,
441,X,X,,,,,,,,,,X,,,,X,,X,,,X,,,,,X,,,,X,
303,,X,,,,,,,,X,,,,,,X,,,X,X,,,,,X,,,,X,,X
139,,X,,,,,,,,X,,,,,,X,,,X,X,,,,,X,,,,X,,X
622,X,X,,,,,,,,,,X,,,,X,X,,,,X,,,,X,,,,X,,
697,,X,,,,,,,,,,X,,,,X,,,X,X,,,,,X,,,,X,,X
68,,X,,,,,,,,X,,,,,,X,,,X,X,,,,,X,,,,X,,X
178,,X,,,,,,,,,,X,,X,,,X,,,X,,,,,X,,,,,X,X
454,X,,X,,,,,,,,,X,,X,,,X,,,,X,,,,X,,,,X,,
64,,X,,,,,,,,X,,,,,,X,,,X,,,X,,,,X,,,X,,X
219,X,,X,,,,,,,,X,,,X,,,X,,,X,,,,,X,,,,,X,
335,X,,,X,,,,,,,X,,,,,X,X,,,,X,,,,X,,,,,X,
267,,X,,,,,,,,X,,,,,,X,,,X,,,X,,,,X,,,X,,X
247,,X,,,,,,,,,X,,,,,X,,,X,X,,,,,X,,,,,X,X
41,,X,,,,,,,,,X,,,,,X,,,X,,X,,,,X,,,,,X,X
363,,X,,,,,,,,,,X,,X,,,,,X,X,,,,,,X,,,,X,X
601,X,X,,,,,,,,,X,,,,,X,,X,,,X,,,,,X,,,,X,
22,X,X,,,,,,,,,X,,,,,X,,X,,X,,,,,X,,,,X,,
122,,X,,,,,,,,,X,,,,,X,,,X,X,,,,,X,,,,X,,X
311,X,,X,,,,,,,,X,,,X,,,X,,,X,,,,,X,,,,,X,
214,,X,,,,,,,,,X,,,,,X,,X,,X,,,,,X,,,,X,,X
412,,X,,,,,,,,,X,,,,X,,,,X,X,,,,,X,,,,X,,X
424,,X,,,,,,,,,X,,,,,X,,,X,,X,,,,,X,,,,X,X
246,,,X,,,,,,,,,X,,,X,,X,,,,X,,,,X,,,,X,,X
724,,X,,,,,,,,,,X,,,,X,,X,,X,,,,,X,,,,X,,X
33,X,X,,,,,,,,,X,,,,X,,,,X,X,,,,,X,,,,,X,
297,,X,,,,,,,,,X,,,X,,,,,X,X,,,,,X,,,,X,,X
14,,X,,,,,,,,,X,,,,,X,,,X,,X,,,,,,,X,X,,X
850,X,,X,,,,,,,,X,,,X,,,X,,,,X,,,,X,,,,,X,
455,,X,,,,,,,,,X,,,,,X,,,X,X,,,,,X,,,,X,,X
89,X,,,,,X,,,,,X,,,,,X,X,,,,,X,,,,X,,,,X,
258,X,,X,,,,,,,,X,,,,,X,X,,,X,,,,,X,,,,,X,
457,,X,,,,,,,,,,,X,,,X,X,,,X,,,,,X,,,,X,,X
239,,X,,,,,,,,X,,,,,,X,,X,,X,,,,,X,,,,X,,X
509,,X,,,,,,,,,X,,,,,X,,,X,X,,,,,X,,,,X,,X
51,,X,,,,,,,,X,,,,,,X,,,X,,,X,,,,X,,,X,,X
789,X,X,,,,,,,,X,,,,,,X,,,X,,X,,,,,X,,,X,,
402,,X,,,,,,,,,X,,,,,X,,,X,X,,,,,X,,,,X,,X
633,X,X,,,,,,,,,X,,,X,,,X,,,X,,,,,X,,,,X,,
467,,X,,,,,,,,,X,,,,,X,,X,,X,,,,,X,,,,X,,X
759,,X,,,,,,,,,X,,,,,X,,,X,X,,,,,X,,,,X,,X
314,,X,,,,,,,,,X,,,,,X,,,X,X,,,,,X,,,,X,,X
785,,X,,,,,,,,,X,,,,,X,,,X,X,,,,,X,,,,X,,X
768,,X,,,,,,,,,X,,,,X,,,,X,X,,,,,X,,,,,X,X
248,X,X,,,,,,,,,X,,,,,X,,X,,X,,,,,,X,,,,X,
666,,,X,,,,,,,,X,,,,,X,,X,,,X,,,,X,,,,X,,X
503,,X,,,,,,,,,X,,,,X,,,,X,X,,,,,X,,,,,X,X
507,X,X,,,,,,,,,X,,,,,X,,X,,X,,,,,,X,,,,X,
450,X,X,,,,,,,,,,X,,,,X,X,,,X,,,,,X,,,,X,,
842,,X,,,,,,,,X,,,,,,X,,X,,X,,,,,X,,,,X,,X
549,,X,,,,,,,,,X,,,,,X,,,X,,X,,,,,X,,,X,,X
517,X,X,,,,,,,,,X,,,,,X,,X,,X,,,,,X,,,,,X,
498,,X,,,,,,,,,X,,,,,X,,,X,X,,,,,X,,,,X,,X
11,X,X,,,,,,,,X,,,,,,X,,,X,,X,,,,,X,,,,X,
442,,X,,,,,,,,X,,,,,,X,,,X,X,,,,,X,,,,X,,X
691,X,X,,,,,,,,,X,,,,,X,X,,,,X,,,,X,,,,X,,
657,,X,,,,,,,,,X,,,,,X,,,X,X,,,,,X,,,,X,,X
100,,X,,,,,,,,,X,,,,,X,,X,,,X,,,,X,,,,X,,X
245,,X,,,,,,,,,X,,,X,,,,,X,X,,,,,X,,,,X,,X
406,,X,,,,,,,,,X,,,,,X,,X,,,X,,,,X,,,,X,,X
81,,X,,,,,,,,,X,,,,,X,,,X,X,,,,,X,,,,X,,X
818,,X,,,,,,,,,X,,,X,,,,X,,,X,,,,,X,,,X,,X
719,,X,,,,,,,,,X,,,,X,,,,X,X,,,,,X,,,,X,,X
202,,,X,,,,,,,,X,,,,,X,,,X,,,,,X,,X,,,X,,X
429,,X,,,,,,,,,X,,,,X,,,,X,X,,,,,X,,,,X,,X
642,X,,X,,,,,,,,X,,,X,,,X,,,X,,,,,X,,,,,X,
367,X,,X,,,,,,,,,X,,X,,,X,,,,X,,,,X,,,,,X,
800,,X,,,,,,,,,X,,,,,X,,,X,,X,,,,,X,,,,X,X
408,X,X,,,,,,,,X,,,,,,X,,X,,,X,,,,,X,,,X,,
307,X,,X,,,,,,,,X,,,X,,,X,,,X,,,,,X,,,,,X,
86,X,X,,,,,,,,,X,,,,,X,,,X,,,X,,,X,,,,,X,
639,,X,,,,,,,,,,X,,,,X,,,X,X,,,,,,,,X,,X,X
478,,X,,,,,,,,,X,,,,,X,,,X,,X,,,,X,,,,X,,X
317,X,X,,,,,,,,,X,,,,,X,,X,,,X,,,,X,,,,,X,
400,X,X,,,,,,,,,X,,,,,X,,X,,X,,,,,X,,,,,X,
421,,X,,,,,,,,,X,,,X,,,,,X,X,,,,,X,,,,X,,X
134,X,X,,,,,,,,,X,,,,,X,,X,,,X,,,,X,,,,,X,
695,,X,,,,,,,,,,X,,,,X,X,,,X,,,,,X,,,,X,,X
227,X,X,,,,,,,,X,,,,,,X,,X,,X,,,,,X,,,,X,,
801,,X,,,,,,,,,X,,,,,X,,X,,X,,,,,X,,,,X,,X
523,,X,,,,,,,,,X,,,X,,,,,X,X,,,,,X,,,,X,,X
76,,X,,,,,,,,,X,,,,,X,,,X,X,,,,,X,,,,X,,X
292,X,,X,,,,,,,X,,,,X,,,X,,,,X,,,,X,,,,,X,
537,,X,,,,,,,,,,X,,,,X,X,,,X,,,,,X,,,,X,,X
815,,X,,,,,,,,,X,,,,,X,,,X,X,,,,,X,,,,X,,X
114,,X,,,,,,,,X,,,,,,X,,,X,,X,,,,X,,,,,X,X
150,,X,,,,,,,,,,X,,,,X,,X,,X,,,,,X,,,,X,,X
604,,X,,,,,,,,,,X,,,,X,,,X,X,,,,,X,,,,X,,X
233,,X,,,,,,,,,,X,,,,X,,X,,X,,,,,X,,,,X,,X
806,,X,,,,,,,,,X,,,,,X,,,X,X,,,,,X,,,,X,,X
309,,X,,,,,,,,,X,,,X,,,,X,,,X,,,,X,,,,X,,X
625,,X,,,,,,,,,X,,,,,X,,,X,X,,,,,X,,,,X,,X
525,,X,,,,,,,,,X,,,X,,,,,X,X,,,,,X,,,,X,,X
346,X,X,,,,,,,,,X,,,,,X,,X,,X,,,,,X,,,,,X,
740,,X,,,,,,,,,X,,,,,X,,,X,X,,,,,X,,,,X,,X
649,,X,,,,,,,,,X,,,,,X,,,X,X,,,,,X,,,,X,,X
109,,X,,,,,,,,,X,,,,,X,,,X,X,,,,,X,,,,X,,X
71,,X,,,,,,,,,X,,,,,X,,X,,X,,,,,X,,,,X,,X
690,X,,,,X,,,,,X,,,,,,X,X,,,X,,,,,,X,,,,X,
583,,X,,,,,,,,,,X,,,,X,,X,,X,,,,,X,,,,X,,X
561,,X,,,,,,,,,X,,,,X,,,,X,X,,,,,X,,,,X,,X
136,,X,,,,,,,,,X,,,X,,,,X,,X,,,,,X,,,,X,,X
172,,X,,,,,,,,X,,,,,X,,,,X,,,X,,,,X,,,X,,X
419,,X,,,,,,,,,X,,,,,X,,X,,X,,,,,X,,,,X,,X
383,,X,,,,,,,,,X,,,,,X,,,X,X,,,,,X,,,,X,,X
26,X,X,,,,,,,,,X,,,,,X,,,X,,X,,,,,,,X,,X,
312,X,,,,,X,,,,X,,,,X,,,X,,,,X,,,,,X,,,,X,
332,,X,,,,,,,,,,X,,,,X,X,,,X,,,,,X,,,,X,,X
106,,X,,,,,,,,,X,,,,,X,,,X,X,,,,,X,,,,X,,X
238,X,X,,,,,,,,X,,,,,,X,,X,,X,,,,,,X,,,,X,
369,X,X,,,,,,,,,X,,,,X,,,,X,X,,,,,X,,,,,X,
288,,X,,,,,,,,,X,,,,,X,,,X,X,,,,,X,,,,X,,X
191,X,X,,,,,,,,,X,,,,,X,,X,,X,,,,,X,,,,,X,
629,,X,,,,,,,,,X,,,,,X,,,X,X,,,,,X,,,,X,,X
228,,X,,,,,,,,,X,,,,,X,,,X,X,,,,,X,,,,X,,X
750,,X,,,,,,,,,X,,,,X,,,,X,X,,,,,X,,,,X,,X
113,,X,,,,,,,,,X,,,,,X,,,X,X,,,,,X,,,,X,,X
331,X,X,,,,,,,,,X,,,,X,,,,X,,X,,,,X,,,,,X,
875,X,X,,,,,,,,,X,,,X,,,,X,,,X,,,,X,,,,,X,
270,X,,,X,,,,,,,X,,,,,X,X,,,X,,,,,X,,,,,X,
718,X,X,,,,,,,,,X,,,,,X,,X,,X,,,,,X,,,,,X,
166,X,X,,,,,,,,X,,,,,,X,,,X,X,,,,,,X,,,X,,
722,,X,,,,,,,,X,,,,,,X,,,X,,X,,,,X,,,,X,,X
151,,X,,,,,,,,,,X,,,,X,,X,,X,,,,,X,,,,X,,X
353,,X,,,,,,,,X,,,,X,,,,,X,,X,,,,,X,,,X,,X
781,X,X,,,,,,,,X,,,,X,,,,,X,X,,,,,X,,,,,X,
306,X,,,X,,,,,,X,,,,,,X,X,,,,X,,,,,X,,,X,,
866,X,X,,,,,,,,,,X,,,,X,,X,,X,,,,,X,,,,,X,
475,,X,,,,,,,,,X,,,,,X,,,X,X,,,,,X,,,,,X,X
355,,X,,,,,,,,,X,,,X,,,,,X,X,,,,,X,,,,X,,X
401,X,X,,,,,,,,,X,,,,,X,,,X,X,,,,,X,,,,X,,
721,X,X,,,,,,,,X,,,,,,X,,X,,X,,,,,,X,,,,X,
304,X,X,,,,,,,,,X,,,,X,,,X,,X,,,,,X,,,,,X,
188,X,X,,,,,,,,,,X,,,,X,X,,,X,,,,,X,,,,X,,
889,,X,,,,,,,,,X,,,,,X,,,X,,X,,,,,X,,,,X,X
90,,X,,,,,,,,,X,,,,,X,,,X,X,,,,,X,,,,X,,X
829,X,X,,,,,,,,,X,,,,X,,,,X,X,,,,,X,,,,X,,
368,X,X,,,,,,,,,X,,,X,,,,,X,X,,,,,X,,,,,X,
439,,,,,,X,,,,,,,X,,,X,X,,,,X,,,,,,X,,X,,X
140,,,X,,,,,,,,X,,,X,,,X,,,X,,,,,X,,,,X,,X
831,X,X,,,,,,,,X,,,,X,,,,,X,,X,,,,X,,,,,X,
80,X,X,,,,,,,,,X,,,,,X,,,X,X,,,,,X,,,,,X,
593,,X,,,,,,,,,,X,,,,X,,,X,X,,,,,X,,,,X,,X
694,,X,,,,,,,,,X,,,X,,,,,X,X,,,,,X,,,,X,,X
268,X,X,,,,,,,,,X,,,,,X,,,X,,X,,,,X,,,,X,,
855,,X,,,,,,,,,,X,,,,X,,X,,,X,,,,X,,,,,X,X
861,,X,,,,,,,,,,X,,,,X,,,X,,X,,,,X,,,,X,,X
510,X,X,,,,,,,,,X,,,,,X,,,X,X,,,,,X,,,,X,,
94,,X,,,,,,,,,X,,,,,X,,,X,,X,,,,,X,,,X,,X
181,,,X,,,,,,,,X,,,,,X,,,X,,,,,X,,X,,,,X,X
650,X,X,,,,,,,,,X,,,,,X,,,X,X,,,,,X,,,,,X,
743,X,,,,,X,,,,,X,,,X,,,X,,,,X,,,,,X,,,,X,
342,X,,,,,X,,,,,X,,,,,X,X,,,,,X,,,,X,,,,X,
512,,X,,,,,,,,,X,,,,,X,,,X,X,,,,,X,,,,X,,X
374,,,,X,,,,,,,X,,,X,,,X,,,X,,,,,X,,,,X,,X
771,,X,,,,,,,,,X,,,,,X,,,X,X,,,,,X,,,,X,,X
168,,X,,,,,,,,,,X,,,,X,,,X,,X,,,,,,X,,,X,X
737,,X,,,,,,,,,,X,,,,X,,,X,,X,,,,,,X,,,X,X
619,X,X,,,,,,,,X,,,,,,X,,X,,,X,,,,,X,,,,X,
77,,X,,,,,,,,,X,,,,,X,,,X,X,,,,,X,,,,X,,X
853,,X,,,,,,,,X,,,,X,,,,,X,,X,,,,,X,,,,X,X
871,,X,,,,,,,,,X,,,,,X,,,X,X,,,,,X,,,,X,,X
470,X,X,,,,,,,,X,,,,X,,,,,X,,X,,,,,X,,,,X,
811,,X,,,,,,,,,X,,,,,X,,,X,X,,,,,X,,,,X,,X
674,X,X,,,,,,,,,X,,,,,X,,X,,X,,,,,X,,,,X,,
840,X,X,,,,,,,,,X,,,X,,,X,,,X,,,,,X,,,,X,,
848,,X,,,,,,,,,X,,,X,,,,,X,X,,,,,X,,,,X,,X
108,X,X,,,,,,,,,X,,,,,X,,,X,X,,,,,X,,,,X,,
377,X,X,,,,,,,,,X,,,,,X,,,X,X,,,,,X,,,,,X,
47,,X,,,,,,,,,X,,,,X,,,,X,,X,,,,X,,,,X,,X
230,,X,,,,,,,,,X,,,,,X,,,X,,,X,,,,X,,,,X,X
385,,X,,,,,,,,,X,,,,,X,,,X,X,,,,,X,,,,X,,X
446,X,,X,,,,,,,X,,,,,,X,X,,,X,,,,,,X,,,X,,
61,,X,,,,,,,,,X,,,X,,,,,X,X,,,,,X,,,,X,,X
444,X,X,,,,,,,,,X,,,,,X,,X,,X,,,,,X,,,,,X,
757,,X,,,,,,,,,X,,,,,X,,,X,X,,,,,X,,,,X,,X
242,X,X,,,,,,,,,X,,,,X,,,,X,,X,,,,X,,,,,X,
587,,X,,,,,,,,,,X,,,,X,,X,,X,,,,,X,,,,X,,X
532,,X,,,,,,,,,X,,,X,,,,,X,X,,,,,X,,,,X,,X
464,,X,,,,,,,,,,X,,,,X,,X,,X,,,,,X,,,,X,,X
173,X,X,,,,,,,,X,,,,,,X,,,X,,X,,,,,X,,,,X,
146,,X,,,,,,,,X,,,,,,X,,X,,,X,,,,,X,,,X,,X
602,,X,,,,,,,,,X,,,,,X,,,X,X,,,,,X,,,,X,,X
359,X,X,,,,,,,,,X,,,,X,,,,X,X,,,,,X,,,,,X,
366,,X,,,,,,,,,X,,,,,X,,,X,X,,,,,X,,,,X,,X
39,,X,,,,,,,,X,,,,,,X,,,X,,X,,,,X,,,,,X,X
223,,X,,,,,,,,,,X,,,,X,,,X,X,,,,,X,,,,X,,X
738,X,,,,,,,,X,,X,,,X,,,X,,,X,,,,,X,,,,X,,
821,X,,X,,,,,,,,,X,,,,X,X,,,,X,,,,,X,,,,X,
259,X,,,,,,,,X,,X,,,X,,,X,,,X,,,,,X,,,,,X,
579,,X,,,,,,,,,X,,,X,,,,,X,,X,,,,X,,,,,X,X
689,,X,,,,,,,,X,,,,,,X,,,X,X,,,,,X,,,,X,,X
816,,X,,,,,,,,,X,,,,,X,X,,,X,,,,,X,,,,X,,X
295,,X,,,,,,,,,X,,,,,X,,,X,X,,,,,X,,,,X,,X
75,X,X,,,,,,,,,X,,,,,X,,,X,X,,,,,X,,,,X,,
614,,X,,,,,,,,,X,,,,X,,,,X,X,,,,,X,,,,X,,X
492,,X,,,,,,,,,X,,,,,X,,,X,X,,,,,X,,,,X,,X
708,X,X,,,,,,,,,,X,,,,X,X,,,X,,,,,X,,,,X,,
91,,X,,,,,,,,,X,,,,,X,,,X,X,,,,,X,,,,X,,X
688,,X,,,,,,,,X,,,,,,X,,,X,X,,,,,X,,,,X,,X
160,,,X,,,,,,,,X,,,,,X,,,X,,,,,X,,X,,,X,,X
254,,X,,,,,,,,,X,,,,,X,,,X,,X,,,,X,,,,X,,X
34,,X,,,,,,,,,,,X,,,X,,X,,X,,,,,X,,,,X,,X
21,,X,,,,,,,,,X,,,,,X,,X,,X,,,,,X,,,,X,,X
681,,X,,,,,,,,,X,,,,X,,,,X,X,,,,,X,,,,,X,X
515,,X,,,,,,,,,X,,,,,X,,,X,X,,,,,X,,,,X,,X
290,X,X,,,,,,,,,X,,,,X,,,,X,X,,,,,X,,,,,X,
18,X,X,,,,,,,,,X,,,,,X,,X,,X,,,,,X,,,,X,,
837,,X,,,,,,,,,X,,,,,X,,,X,X,,,,,X,,,,X,,X
174,,X,,,,,,,,,X,,,,,X,,,X,X,,,,,X,,,,X,,X
138,,X,,,,,,,,,X,,,,,X,X,,,,X,,,,X,,,,X,,X
143,X,X,,,,,,,,,X,,,,,X,,,X,,X,,,,X,,,,,X,
784,,X,,,,,,,,,X,,,,,X,,,X,,X,,,,,X,,,X,,X
320,X,,,X,,,,,,,X,,,X,,,X,,,,X,,,,,X,,,,X,
298,,,,X,,,,,,X,,,,,,X,X,,,,X,,,,,X,,,,X,X
283,,X,,,,,,,,X,,,,,,X,,,X,X,,,,,X,,,,X,,X
661,X,,,X,,,,,,,,X,,,,X,X,,,,X,,,,X,,,,X,,
484,X,X,,,,,,,,,,,X,,,X,,,X,X,,,,,X,,,,,X,
836,X,,X,,,,,,,,X,,,X,,,X,,,,X,,,,,X,,,,X,
637,,X,,,,,,,,,X,,,,,X,,,X,X,,,,,X,,,,X,,X
641,,X,,,,,,,,X,,,,,,X,,,X,X,,,,,X,,,,X,,X
54,X,X,,,,,,,,,X,,,,,X,,X,,,X,,,,X,,,,,X,
472,,X,,,,,,,,,X,,,,,X,,,X,X,,,,,X,,,,X,,X
854,X,X,,,,,,,,X,,,,,,X,X,,,X,,,,,,X,,,,X,
606,,X,,,,,,,,,X,,,,,X,,,X,,X,,,,X,,,,X,,X
376,X,,X,,,,,,,,X,,,X,,,X,,,,X,,,,X,,,,,X,
357,X,X,,,,,,,,,X,,,,,X,X,,,X,,,,,,X,,,,X,
536,X,X,,,,,,,,X,,,,,,X,,X,,X,,,,,,X,,,,X,
886,,X,,,,,,,,,X,,,,X,,,,X,X,,,,,,,,X,,X,X
822,X,X,,,,,,,,,X,,,,,X,,,X,X,,,,,X,,,,X,,
212,X,X,,,,,,,,,X,,,,,X,,X,,X,,,,,X,,,,,X,
399,,X,,,,,,,,,X,,,,,X,,X,,X,,,,,X,,,,X,,X
365,,X,,,,,,,,,X,,,,X,,,,X,,X,,,,X,,,,X,,X
360,X,X,,,,,,,,,X,,,,X,,,,X,X,,,,,X,,,,,X,
833,,X,,,,,,,,,X,,,X,,,,,X,X,,,,,X,,,,X,,X
1,,X,,,,,,,,,X,,,,,X,,,X,,X,,,,X,,,,X,,X
491,,X,,,,,,,,,X,,,,,X,,,X,,X,,,,X,,,,X,,X
397,,X,,,,,,,,,X,,,,,X,,,X,X,,,,,X,,,,,X,X
415,X,X,,,,,,,,,,X,,,,X,,,X,X,,,,,X,,,,X,,
775,X,X,,,,,,,,,,X,,,,X,,X,,,X,,,,,,X,,,X,
597,X,X,,,,,,,,,X,,,,,X,,X,,X,,,,,X,,,,,X,
241,,X,,,,,,,,,X,,,X,,,,,X,,X,,,,X,,,,,X,X
793,,,X,,,,,,,,X,,,,,X,,,X,,,,,X,,X,,,,X,X
617,,X,,,,,,,,,X,,,,,X,,,X,,X,,,,,X,,,X,,X
471,,X,,,,,,,,,X,,,,,X,,,X,X,,,,,X,,,,X,,X
600,X,X,,,,,,,,,,X,,X,,,X,,,,X,,,,X,,,,X,,
183,,X,,,,,,,,X,,,,,,X,,,X,,,X,,,,X,,,X,,X
326,X,,,X,,,,,,,X,,,X,,,X,,,X,,,,,X,,,,,X,
610,X,,,X,,,,,,,X,,,,,X,X,,,X,,,,,X,,,,,X,
351,,X,,,,,,,,,X,,,,,X,,,X,X,,,,,X,,,,X,,X
171,,X,,,,,,,,,,,X,,,X,X,,,X,,,,,X,,,,X,,X
638,,X,,,,,,,,,X,,,,,X,,X,,,X,,,,,X,,,X,,X
92,,X,,,,,,,,X,,,,,,X,,,X,X,,,,,X,,,,X,,X
715,,X,,,,,,,,,,X,,,,X,,X,,X,,,,,X,,,,X,,X
215,,X,,,,,,,,,X,,,,X,,,,X,,X,,,,X,,,,X,,X
844,,X,,,,,,,,,X,,,X,,,,,X,X,,,,,X,,,,X,,X
250,,X,,,,,,,,,,X,,,,X,,X,,,X,,,,X,,,,X,,X
423,,X,,,,,,,,,X,,,,,X,,,X,X,,,,,X,,,,X,,X
323,X,X,,,,,,,,,X,,,,X,,,X,,X,,,,,X,,,,,X,
787,X,X,,,,,,,,X,,,,,,X,,,X,X,,,,,X,,,,,X,
111,,X,,,,,,,,,,X,,,,X,X,,,X,,,,,X,,,,X,,X
578,X,X,,,,,,,,,X,,,,,X,X,,,,X,,,,X,,,,,X,
838,,X,,,,,,,,,X,,,,,X,,,X,X,,,,,X,,,,X,,X
611,,X,,,,,,,,,X,,,,,X,,,X,,X,,,,,,,X,,X,X
747,,X,,,,,,,,X,,,,,,X,,,X,,X,,,,,X,,,X,,X
220,,X,,,,,,,,,X,,,,,X,,X,,X,,,,,X,,,,X,,X
79,X,X,,,,,,,,X,,,,,,X,,X,,X,,,,,,X,,,X,,
279,,X,,,,,,,,X,,,,,X,,,,X,,,X,,,,X,,,X,,X
12,X,X,,,,,,,,,,X,,,,X,X,,,X,,,,,X,,,,,X,
6,,X,,,,,,,,,X,,,,X,,,,X,X,,,,,X,,,,X,,X
318,,X,,,,,,,,,,X,,,,X,,X,,X,,,,,X,,,,X,,X
20,X,X,,,,,,,,,X,,,X,,,,,X,X,,,,,X,,,,,X,
438,X,X,,,,,,,,,X,,,,,X,,X,,,X,,,,,,X,,,X,
38,,X,,,,,,,,,X,,,,,X,,,X,X,,,,,X,,,,X,,X
403,,X,,,,,,,,,X,,,,,X,,,X,,X,,,,X,,,,,X,X
382,X,X,,,,,,,,X,,,,X,,,,,X,X,,,,,,X,,,,X,
167,X,X,,,,,,,,,X,,,,,X,X,,,X,,,,,,X,,,,X,
197,,X,,,,,,,,,X,,,,X,,,,X,X,,,,,X,,,,X,,X
605,X,X,,,,,,,,,X,,,X,,,X,,,X,,,,,X,,,,X,,
275,X,X,,,,,,,,,X,,,,X,,,,X,X,,,,,X,,,,,X,
411,,X,,,,,,,,,X,,,,,X,,,X,X,,,,,X,,,,X,,X
873,,X,,,,,,,,,X,,,,,X,X,,,X,,,,,X,,,,X,,X
630,,X,,,,,,,,,X,,,,X,,,,X,X,,,,,X,,,,X,,X
433,X,X,,,,,,,,,,X,,,,X,,X,,,X,,,,X,,,,,X,
742,,,X,,,,,,,,X,,,,,X,X,,,,X,,,,X,,,,X,,X
669,,X,,,,,,,,,,X,,,,X,,,X,X,,,,,X,,,,X,,X
477,,X,,,,,,,,,X,,,,,X,,X,,,X,,,,X,,,,X,,X
566,,X,,,,,,,,,X,,,,,X,,,X,,X,,,,X,,,,X,,X
333,,,,X,,,,,,,X,,,,,X,X,,,X,,,,,,X,,,X,,X
726,,X,,,,,,,,X,,,,,,X,,,X,X,,,,,X,,,,X,,X
473,X,X,,,,,,,,,X,,,,,X,,X,,,X,,,,,X,,,,X,
534,X,X,,,,,,,,,X,,,X,,,,,X,X,,,,,,X,,,,X,
608,X,X,,,,,,,,,X,,,,,X,X,,,X,,,,,X,,,,X,,
562,,X,,,,,,,,,X,,,,,X,,,X,X,,,,,X,,,,X,,X
841,,X,,,,,,,,X,,,,,,X,,,X,X,,,,,X,,,,X,,X
828,X,X,,,,,,,,X,,,,X,,,,X,,X,,,,,,X,,,X,,
448,X,X,,,,,,,,,X,,,,,X,X,,,X,,,,,X,,,,X,,
648,X,X,,,,,,,,,,X,,X,,,X,,,X,,,,,X,,,,X,,
319,X,,,X,,,,,,,X,,,,,X,X,,,X,,,,,,X,,,,X,
2,X,,X,,,,,,,,X,,,X,,,X,,,,X,,,,X,,,,,X,
120,,X,,,,,,,,X,,,,,,X,,,X,,,X,,,,X,,,,X,X
373,,X,,,,,,,,X,,,,,,X,,,X,X,,,,,X,,,,X,,X
706,,X,,,,,,,,,X,,,,,X,,X,,X,,,,,X,,,,X,,X
808,,X,,,,,,,,X,,,,,,X,,,X,X,,,,,X,,,,,X,X
101,,X,,,,,,,,,X,,,,,X,,,X,X,,,,,X,,,,,X,X
744,,X,,,,,,,,,X,,,,,X,,,X,,X,,,,X,,,,X,,X
514,X,X,,,,,,,,,,X,,X,,,X,,,,X,,,,X,,,,,X,
774,,X,,,,,,,,,X,,,X,,,,,X,X,,,,,X,,,,X,,X
544,X,X,,,,,,,,,X,,,,,X,,X,,,X,,,,X,,,,X,,
574,X,X,,,,,,,,,X,,,,X,,,,X,X,,,,,X,,,,,X,
277,,X,,,,,,,,,,X,,,,X,,,X,X,,,,,X,,,,,X,X
660,,,X,,,,,,,,,X,,X,,,X,,,X,,,,,,X,,,X,,X
375,,X,,,,,,,,X,,,,,,X,,,X,,,X,,,,X,,,,X,X
878,,X,,,,,,,,X,,,,,,X,,,X,X,,,,,X,,,,X,,X
705,,X,,,,,,,,,X,,,,,X,,,X,,X,,,,X,,,,X,,X
736,,X,,,,,,,,,X,,,,,X,,,X,X,,,,,X,,,,X,,X
193,X,X,,,,,,,,X,,,,,,X,,,X,,X,,,,X,,,,,X,
282,,X,,,,,,,,,X,,,,,X,,,X,X,,,,,X,,,,X,,X
